:100000000C94E43B0C94153C0C94153C0C94153C5E
:100010000C94153C0C94153C0C94153C0C94153C1C
:100020000C94153C0C94153C0C94153C0C94153C0C
:100030000C94153C0C94153C0C94153C0C94153CFC
:100040000C94153C0C94153C0C94153C0C94153CEC
:100050000C94153C0C94153C0C94153C0C941F58B6
:100060000C9499590C94E9570C94BF570C94153C77
:100070000C94153C0C94153C0C94153C0C94153CBC
:100080000C94153C0C94153C0C94153C0C94153CAC
:100090000C94153C0C94153C0C94153C0C9469582C
:1000A0000C94153C0C94153C0C94153C0C94153C8C
:1000B0000C94153C0C94153C0C94153C0C94153C7C
:1000C0000C94153C0C94153C0C94153C0C943F5529
:1000D0000C94793D0C9403410C94833E0C94CA3FDC
:1000E0000C9443400C94DE3F0C94293D0C949A41AF
:1000F0000C94953E0C94173D0C94653D0C94E05285
:100100000C9402480C9425400C946F3E0C94A33E32
:100110000C94873D0C94563D0C94673E0C94873E9E
:100120000C947F3E0C940C3E0C946B3E0C94C0449B
:100130000C94F83F0C94FD5F0C9402400C942647FD
:100140000C94F03F0C944D400C94213C0C949B3E3D
:100150000C94C4410C94203D0C94C53F0C942F404A
:100160000C94903C0C94753E0C94F1410C949F3E81
:100170000C948D3E0C94613E0C94793E0C94DA59AB
:100180000C94BD410C94913E0C9477470C94D43F51
:100190000C94FA450C9457400C9467470C949B417F
:1001A0000C940C400C94E83F0C94173C0C940944BC
:1001B0000C94EE460C94A73E0C94BD3F0C94AA41BF
:1001C0000C94B8520C9433530C9439400C94163D53
:1001D0000C94BF3D0C94A63E0C9434530C941640E2
:1001E000C10042044504450445044504C2004904D5
:1001F0004C044C0450045004C300540457045704E6
:100200005B045B04C4005F04620462046604660469
:10021000C5006A046D046D0471047104C6007504A0
:1002200078047C0480048404C70088048B048B0455
:100230008F048F04C800930496049A049E04A204B9
:100240002B02A604A904A904AD04AD04CA00B1049C
:10025000B404B804BC04C004CB00C404C704CB0479
:10026000CF04D304CC00D704DA04DE04E204E604AD
:10027000CD00EA04ED04F104F504F904CE00FD0418
:100280000005040508050C05CF001005130513052E
:1002900017051705D0001B051E051E0522052205A2
:1002A000D1002605290529052D052D05D20031058A
:1002B0003405340538053805B8003C053F053F05D1
:1002C00043054305D30047054A054E05520556052B
:1002D000D4005A055D05610565056905D5006D0504
:1002E0007005740578057C05D600800583058705B3
:1002F0008B058F05D700930596059A059E05A205E7
:10030000D800A605A905AD05B105B505D900B90503
:10031000BC05C005C405C805DA00CC05CF05D3056A
:10032000D705DB05A000DF05DF05DF05DF05DF05FD
:10033000A100E205E505E905ED05F105A200F505D9
:10034000F805FC0500060406A30008060B060F06C8
:1003500013061706A4001B061E06220626062A06FA
:10036000A5002E063106350639063D06E400410695
:10037000440648064C065006A700F00254065806EC
:100380005C066006A8006406670667066B066B06D7
:10039000A9006F067206720676067606AA007A062D
:1003A0007D06810685068906AC008D0690069406BA
:1003B00098069C068D00A006A306A706AB06AF060E
:1003C000DE00B306B606BA06BE06C2069000C60632
:1003D000C906CD06D106D506C900D906DC06E00659
:1003E000E406E80620001F031F031F031F031F036B
:1003F0002C00EC06EC06EC06EC06EC061400EF060E
:10040000EF06EF06EF06EF063A00F306F306F306F3
:10041000F306F306BB00F506F506F506F506F50648
:100420002E005D035D035D035D035D03BF00F80601
:10043000F806F806F806F8063000FB06FB06FB0691
:10044000FB06FB063100FE06FE06FE06FE06FE0665
:100450003200010701070107010701073300040704
:100460000407040704070407340007070707070702
:100470000707070735000A070A070A070A070A07D6
:1004800036000D070D070D070D070D073700100784
:10049000100710071007100738001307130713077A
:1004A000130713073900160716071607160716074E
:1004B0002900190719071907190719072800320415
:1004C00032043204320432040000210024002700E8
:1004D0002A002D00300033000000220025002800F3
:1004E0002B002E00310034000000200023002600E5
:1004F00029002C002F00320005050505050505051E
:1005000002020202020202020707040404040404B5
:1005100004040707030303030303030307010101A3
:10052000010101010106060606060606060701028C
:1005300004081020408001020408102040800810A8
:10054000010204081020408001020102040810206A
:1005500040800480402010080402010102040810B9
:10056000204080200000000A0B0C0000000000006A
:100570000804050600000000000000000000000064
:10058000000000000000000000000000000000006B
:100590000000000000000000000300000000000058
:1005A000000000000000000000000000000000004B
:1005B000000000000000000000000000000000003B
:1005C000000000000000000000000000000000002B
:1005D000000000000000000000000000000000001B
:1005E000000000000000000000000000000000000B
:1005F00000000000000000000000000000000000FB
:1006000000040000000000000000000000000000E6
:1006100000060000000000000000000000000000D4
:1006200000070000000000000000000000000000C3
:100630008007000000000000000000000000000033
:10064000C0070000000000000000000000000000E3
:10065000E0070000000000000000000000000000B3
:10066000000000000000000000000000000000008A
:10067000000000000000000000000000000000007A
:10068000000000000000000000000000E0FFFF0389
:10069000F007C03F00F8E30300000000F0FFFF0395
:1006A000F80FC07F00FCE30300000000F0FFFF0331
:1006B000FC0FC07F00FCE30300000000F0FFFF031D
:1006C000FE1FC0FF00FEE30300000000F0FFFF0379
:1006D000FF1FC0FF01FFE30300000000F03F000028
:1006E000FF3FC0FF83FFE30300000000E07F0080C6
:1006F0009F7FC0FF83FFE30300000000C0FF01C035
:100700000F7FC0F7C7FFE3030000000000FF0FC02A
:1007100007FEC0E7EFFFE3030000000000FC1FE05E
:1007200003FCC0C7FFEFE3030000000000E0FFE0B0
:1007300003F8C187FFE7E303000000000080FFF13A
:10074000F9FFC187FFE7E303000000000000FEF1AE
:10075000FCFFC307FFE3E30300000000F0FFFF79A5
:10076000FCFFC707FEE1E30300000000F0FFFF7D90
:10077000FEFFC707FCE0E30300000000F0FFFF3DC1
:10078000FFFFCF07FCE0E30300000000F0FFFF1EC7
:1007900000C0CF0778E0E30300000000F0FF7F0E09
:1007A00000C0DF0730E0E3030000000000000007A6
:1007B0000000000000000000000000000000000732
:1007C00000000000000000000000000000008003A6
:1007D0000000000000000000000000000000C00158
:1007E0000000000000000000000000000000C00049
:1007F0000000000000000000000000000000E00019
:100800000000000000000000000000000000600088
:1008100000000000000000000000000000003000A8
:10082000000000000000000000000000000000FECA
:100830000003FE017F00000000000000000000FE39
:100840000107FE83FF00000000000000000000FE22
:100850008107FEC7FF01000000000000000000CE7D
:10086000810F1EE7C303000000000000000000CE5F
:10087000C10F1EE78103000000000000000000FE21
:10088000C01F9EE38003000000000000000000FE87
:10089000E11DFEE380030000000000000000008E68
:1008A000E338FEE180030000000000000000008E3D
:1008B000F338EEE181030000000000000000008E2C
:1008C000F33FCEC3C303000000000000000000FEA1
:1008D000FB7FCEC7FF01000000000000000000FE0B
:1008E00079708E07FF01000000000000000000FE8C
:1008F0007CF00E0FFE03000000000000000000006E
:1009000000000000C0030000000000000000000024
:100910000000000080030000000000000000000054
:1009200000000000000000000000000000000000C7
:1009300000000000000000000000000000000000B7
:1009400000000000000000000000000000000000A7
:100950000000000000000000000000000000000097
:100960000000000000000000000000000000000087
:100970000000000000000000000000000000000077
:100980000000000000000000000000000000000067
:1009900000000000000000000000FFFFFFFFFFFF5D
:1009A000FFFFFFFFFFFFFFFFFFFFFFFFFFFFFFFF57
:1009B000FFFFFFFFFFFFFFFFFFFFFFFFFFFFFFFF47
:1009C000FFFFFFFFFFFFFFFFFFFFFFFFFFFFFFFF37
:1009D000FFFFFFFFFFFFFFFFFFFFFFFFFFFFFFFF27
:1009E000FFFFFFFFFFFFFFFFFFFFFFFFFFFFFFFF17
:1009F000FFFFFFFFFFFFFFFFFFFFFFFFFFFFFFFF07
:100A0000FFFBFFFFFFFFFFFFFFFFFFFFFFFFFFFFFA
:100A1000FFF9FFFFFFFFFFFFFFFFFFFFFFFFFFFFEC
:100A2000FFF8FFFFFFFFFFFFFFFFFFFFFFFFFFFFDD
:100A30007FF8FFFFFFFFFFFFFFFFFFFFFFFFFFFF4D
:100A40003FF8FFFFFFFFFFFFFFFFFFFFFFFFFFFF7D
:100A50001FF8FFFFFFFFFFFFFFFFFFFFFFFFFFFF8D
:100A6000FFFFFFFFFFFFFFFFFFFFFFFFFFFFFFFF96
:100A7000FFFFFFFFFFFFFFFFFFFFFFFFFFFFFFFF86
:100A8000FFFFFFFFFFFFFFFFFFFFFFFF1F0000FC57
:100A90000FF83FC0FF071CFCFFFFFFFF0F0000FC2B
:100AA00007F03F80FF031CFCFFFFFFFF0F0000FC6F
:100AB00003F03F80FF031CFCFFFFFFFF0F0000FC63
:100AC00001E03F00FF011CFCFFFFFFFF0F0000FCE7
:100AD00000E03F00FE001CFCFFFFFFFF0FC0FFFF18
:100AE00000C03F007C001CFCFFFFFFFF1F80FF7F5A
:100AF00060803F007C001CFCFFFFFFFF3F00FE3FCB
:100B0000F0803F0838001CFCFFFFFFFFFF00F03FB4
:100B1000F8013F1810001CFCFFFFFFFFFF03E01F60
:100B2000FC033F3800101CFCFFFFFFFFFF1F001FEE
:100B3000FC073E7800181CFCFFFFFFFFFF7F000E44
:100B400006003E7800181CFCFFFFFFFFFFFF010EB0
:100B500003003CF8001C1CFCFFFFFFFF0F00008699
:100B6000030038F8011E1CFCFFFFFFFF0F0000828E
:100B7000010038F8031F1CFCFFFFFFFF0F0000C23D
:100B8000000030F8031F1CFCFFFFFFFF0F0000E117
:100B9000FF3F30F8871F1CFCFFFFFFFF0F0080F1B5
:100BA000FF3F20F8CF1F1CFCFFFFFFFFFFFFFFF8F8
:100BB000FFFFFFFFFFFFFFFFFFFFFFFFFFFFFFF84C
:100BC000FFFFFFFFFFFFFFFFFFFFFFFFFFFF7FFCB8
:100BD000FFFFFFFFFFFFFFFFFFFFFFFFFFFF3FFEE6
:100BE000FFFFFFFFFFFFFFFFFFFFFFFFFFFF3FFFD5
:100BF000FFFFFFFFFFFFFFFFFFFFFFFFFFFF1FFFE5
:100C0000FFFFFFFFFFFFFFFFFFFFFFFFFFFF9FFF54
:100C1000FFFFFFFFFFFFFFFFFFFFFFFFFFFFCFFF14
:100C2000FFFFFFFFFFFFFFFFFFFFFFFFFFFFFF01D2
:100C3000FFF801FE80FFFFFFFFFFFFFFFFFFFF0147
:100C4000FEF8017C00FFFFFFFFFFFFFFFFFFFF013A
:100C50007EF8013800FEFFFFFFFFFFFFFFFFFF31BF
:100C60007EF061183CFCFFFFFFFFFFFFFFFFFF313D
:100C70003EF0E1187EFCFFFFFFFFFFFFFFFFFF01DB
:100C80003FE061187FFCFFFFFFFFFFFFFFFFFF0159
:100C90001CE2011C7FFCFFFFFFFFFFFFFFFFFF3196
:100CA0001CC7011E7FFCFFFFFFFFFFFFFFFFFF715F
:100CB0000CC7111E7EFCFFFFFFFFFFFFFFFFFF7150
:100CC0000C80313C3CFCFFFFFFFFFFFFFFFFFF01FB
:100CD0000480313800FEFFFFFFFFFFFFFFFFFF0131
:100CE000868D717800FEFFFFFFFFFFFFFFFFFF0112
:100CF000830FF1F001FCFFFFFFFFFFFFFFFFFFFF8E
:100D0000FFFFFFFF3FFCFFFFFFFFFFFFFFFFFFFFB6
:100D1000FFFFFFFF7FFCFFFFFFFFFFFFFFFFFFFF66
:100D2000FFFFFFFFFFFFFFFFFFFFFFFFFFFFFFFFD3
:100D3000FFFFFFFFFFFFFFFFFFFFFFFFFFFFFFFFC3
:100D4000FFFFFFFFFFFFFFFFFFFFFFFFFFFFFFFFB3
:100D5000FFFFFFFFFFFFFFFFFFFFFFFFFFFFFFFFA3
:100D6000FFFFFFFFFFFFFFFFFFFFFFFFFFFFFFFF93
:100D7000FFFFFFFFFFFFFFFFFFFFFFFFFFFFFFFF83
:100D8000FFFFFFFFFFFFFFFFFFFFFFFFFFFFFFFF73
:100D9000FFFFFFFFFFFFFFFFFFFF16000402050537
:100DA000030506141BFFF70BFC0CFD01F1048C0678
:100DB000552006001096002109821596F0816C10CE
:100DC0002208A4F89E10F1242322EAB5B115894522
:100DD0005291582416890C0E3291582416C90C0EC3
:100DE000226591582415894552002418C5F5A19211
:100DF000595428128A842223D2241409454251B11D
:100E00008900251DABF5B9214B4434918A41A4A634
:100E1000A44A93AC51456A4A8A224591444C012622
:100E20001D8A15B6A38BC422B1482C91930C229A2B
:100E30008A4C2493C85464341583C4022707A1F84C
:100E4000923010280DE4B99913A98964FA28132A5D
:100E5000290EE4B59910AA0965FA2413A9012A0EEE
:100E6000E7B09E5352D16693685293012B0C29F937
:100E7000AD146C34380A36022C0AA2B495304824DA
:100E800014002D0724789E30082E0742149630084F
:100E90002F0F059AA154136A136A136A130A0130BB
:100EA0000D65159E3149D4F84DA26401310B6515CD
:100EB0009E1219F5270301321065159EB1C8D8841A
:100EC00032A14C49223218331065159EB1C86842D0
:100ED00025AA904693580034146715A6A3122542FC
:100EE000894C2422890C06A158D140351365159EE2
:100EF00090192842A14142120A69241109003610B2
:100F000065159E22A9C88406898C9B44C9023710A6
:100F10008615A2901A0C429A50AA28D50D003810B6
:100F200065159EB1C8D8244A1619378905003911AC
:100F300065159E3149D4B8490C4299442422013A9E
:100F400009E21C9E30880D023B0C42B59530880D9D
:100F5000120905003C0925359A94E9AA033D0BAA1C
:100F600058B6F0208F1F1C043E0A25359A90EAA639
:100F700023003F0E8515A2B1C8681A65F418130046
:100F800040228A15B2334885321149221251284233
:100F9000094528A1082514A18424A2285168529A41
:100FA000810441186B11AE154D2682896022978904
:100FB00065620355512A32C80C02421B6A11AA709D
:100FC000204A656291582495198C529958241649E3
:100FD000250603090043156915AA334844428A9837
:100FE0004ED82E118B8442830800441B6A11AA70CC
:100FF000900A695299582416894562915824950996
:101000002906830C0045196A15AAF0269549652A18
:1010100032550355265213A9CAA412830B00461851
:101020006915A6F0241549453289482634106542D1
:1010300099503036100147186A15AA334864429215
:1010400058229748560D74915826151A2C00481DA1
:101050006B15AE30500C24A9502A940AA542834146
:1010600028154A8552A15464A01808490C651596A4
:10107000309084FA9381004A0C66159A31D0A4FA14
:1010800049C9064B1B6B15AE30900C22A950552652
:1010900016C92566925828154A950C2483004C11D0
:1010A0006811A23050E57A1409454291CCE0204DF8
:1010B000256E15BA30880D2232914C94082542894C
:1010C000502294C8444291469146194D28A3890C58
:1010D000148A81004E1E6B15AEB01948442151454B
:1010E0002694C88422459944289308854421C94000
:1010F00013014F146A15AA33488532B144D0C34452
:101100002C134A0D320050156915A670A0094952DA
:1011100091542424196C82CD0622005117CAB5A916
:1011200033488532B144D0C344629291A806C99233
:101130009C0252186B15AE70100BA58A52A1AA81A1
:101140002CA30AA542A95066A019530F66159E311B
:101150001899C564319168B00054116915A6F02042
:1011600093D1643445C19E0D2400551A6B15AE30E1
:10117000500C24A9502A940AA542A9502A940AA5E1
:101180006A72230056196B15AE30C80C22A950AAFA
:1011900026968965728960229848465300572170C7
:1011A00015C230C84C069190A8485413C9A422CD4A
:1011B00022CD22CD12A1444E241409632100581AD5
:1011C0006B15AE30880C4299582498084A93899C34
:1011D000229749950C32830059156B15AE30C80C17
:1011E00022A99A582697082EA30D071A005A1467A9
:1011F000159EF026114A6462A99A4826114A64068F
:10120000075B0A0396953088F4FF645C0F059AA18A
:10121000104A855A855A855A85025D0A039295308F
:10122000E9FFC9205E0965349B925964025F072B70
:10123000D4B1F0406009831C9B109164026110E6F8
:10124000149E31C9A42283442691890C0462158618
:10125000159EA0EA6A10C92432894C2293C824063C
:101260000900630CE5149AB1C888DA2416006414E6
:1012700086159EA3EA6490C82432894C2293C84400
:101280000602650DE5149AB1C80C06A19AC402665F
:101290001085159AB2882442358348A89B090067B7
:1012A000166795A13250642299482632C8C4068A2E
:1012B000945562A00068128715A220EB6C9029C992
:1012C0004432914C249338690A631592A0D0497A2C
:1012D000316A0CC4B19562AAE91BC920016B13875E
:1012E00015A220EBC52011C92442A3842612590C53
:1012F0006C0983159220E9BF186D12EB14B23050BF
:101300006C9A644A322599924CC5036E10E714A278
:1013100030D094642299482692491C6F0BE5149AA8
:10132000B1C878935800701546B59D3090641299F5
:1013300044269149641283482AB401711446B59D2C
:1013400031486412994426914964228354D1007231
:101350000DE5149AA088288ADA0C1200730CE514A3
:101360009A31D0A8569A8102740E46159E92AA19F7
:1013700068524DDA28007512E714A2209164229970
:101380004826928964320301760EE814A630991437
:1013900045429194CC067713EB10AEB0386994684F
:1013A00094689468A590653200780DE814A6309989
:1013B00054C9AC229103791248B5A1309914454221
:1013C0009194CC2C1409AD007A0EE5149A70928891
:1013D000644A1291C1007B0D0596992309F54415C5
:1013E000EA2B017C08019A8DF083007D0E05929511
:1013F000A00AF54A12EA130D007E0B6534A31151C1
:101400002424090000000010069106D1FB5007D2E9
:10141000FE7407C5FFFF060C0982148EA11804068E
:101420001B0BE21492A118440601061F0F4515A2DA
:10143000B1C86812A9503C140106210DC41496319C
:10144000C88406920C0006220FC61196951824D265
:101450002951AADF0006230D031692B159461491B3
:101460007E01062415C7B1A525CA89F2B05422947D
:1014700008CD62A2C8200206250D035695115144DD
:10148000FAE16602062618ABD1AD23CC0AF3D841A7
:101490002C152A930413C1484A34100106270B4225
:1014A00019969058F40B000628112D91B59C886A66
:1014B000B543C9E01E178E0106291045159E5192AD
:1014C00048872489924D6210062A130DF1B595883C
:1014D00026F2904454AB1D4A063700062B154DF5F5
:1014E000B916CE26A2893C2411D56A8792C10D0077
:1014F000062C166A55AD31CB0C42B3643093CAA4A6
:10150000A24995662001062D146A55AD31CB0C42D7
:10151000B36430599A5469061200062E16CA55ADA6
:1015200094CC2366994168960C264B932ACD4002B1
:10153000062F0DC5149A134A85240A090006300E99
:1015400045159A12CA87522189420206310E069524
:101550009D948AA58A348A410406321186959D9409
:10156000CA4352B15491463188000633170F75C1F2
:101570009789E43291446CA1C8C572B15C917290B4
:101580000406341DCF75C11B4F27C2893C652692C6
:10159000CB4412B1852217CBC57245CA411206351C
:1015A000183175C93DD6E422A9446C3050E47485E5
:1015B000B964483BC80206361C9175C99A47E4C90C
:1015C000C69A5C2495880D068A9CAE30970C6907F4
:1015D00059000637114815A69293E53AD14C8A0670
:1015E0000305000638124815A692934534B9269A89
:1015F00049D160A0000639148935A9B2CA25232A29
:10160000593017AC4C49061200063A160936A91291
:10161000CC6357B96444250BE6829529C94002067C
:1016200040082910A6F0000641178E15BE9BCED3A8
:101630006A13D28832314D8813C1CD602002064230
:101640001AC9B5A9958825F250594215494512A1E4
:1016500041CE2C120A0D32000643184A15AE9814DA
:10166000C62229492C92C84812B9842C3218440049
:1016700006441488D5A59693E53A09255289542243
:101680009419640006450EA6F59C114AC82283559C
:101690007F0506461148D5A993CB63729194CC2A55
:1016A00032900006470EC5149E1292246A348905B2
:1016B0000006481007B1A555114A846631516410DF
:1016C000010649140BD1AD3788A5426592602218F6
:1016D0004989062200064A186B75B13788A542650C
:1016E000926022184989067A4822988801064B0B95
:1016F00084548332080D2200064C0D85749BA34848
:101700000C12110900064D0B84548132080D220081
:10171000064E0A64549B93506400064F0BA47497C2
:101720005211A9D00006500A6494819350640006B7
:10173000510B659483A4482C120006520A837493BB
:1017400051A1580006530B66748395182452000665
:101750005409837483B19900065509839481B19922
:101760000006600A6374969158240006610B4315C5
:1017700096A0B058987406620D4615A2A0193C11A7
:101780005975030663104615A210490C0E121191EB
:1017900055370006641265F59D9291684283884D25
:1017A0002834502C0006650F05399E229924369A5C
:1017B000C560220106660F2615A290490C248354A9
:1017C0009548550667134615A210124D06918822BA
:1017D000A2C86C5425000668134615A2924A6936C1
:1017E00009494212194446A20006691245159E2174
:1017F000492822894124110A694405066A124715BD
:10180000AA95D0A462A9582A1651C45200066B0AA0
:10181000A4AC8DD3242101066C0BA214963048246D
:101820001400066D0FC7B4A613CB0C0691512253BA
:1018300001066E0ECDF0B59C886AB543C9E0060678
:101840006F1549B5A9264BA822A9482234C8994545
:1018500042A14106067008815483300806710FE5E5
:10186000119653911868439A503F0106720FE50D87
:101870009623490DA4214DA85F0006730FE56D95D1
:1018800013D284FAA524359000067409839497B185
:10189000990006750EA6199AA4894D22A254BF027A
:1018A000067615C9B1A5274BCAF2D05C2296880DE1
:1018B0004B42A1410806771AC9B1A5939124AA32D7
:1018C00092444D1E964BC412B1614928340801065A
:1018D0007819CDD5B92B4D4BF35483602E148B89D9
:1018E00082996028251BC8000679122DF5B9150EBE
:1018F0004F4789A8563B940C6E00067A146DF1B5DB
:1019000016CE43C3794C22AAD50E25831B00067B35
:10191000148D35B99C886AB543C9E01E17CE43C300
:101920003100067C166D91B5958826F2904454AB33
:101930001D4A0687D2485406067D154DF5B995888F
:1019400026B2E13C2611D56A8792C10D00067E15AC
:101950006D55B99C886AB543C9E01E958826B2E1E9
:101960001C00067F176DF5B9958826F2C0443491A6
:101970008724A25AED5032B8010680178D35B99CE4
:10198000886AB543C9E01E968826F2C044349102A5
:101990000681182A56ADA48BEAF2E05966109A2502
:1019A00083C9D2A44A3390000682194A56AD94CC1A
:1019B000839279EC2C3308CD92C1646952A5194801
:1019C000000683176A55AD31CB0C42B3643093C81F
:1019D0005464A249956620010684186A55AD31CB3E
:1019E0000C42B3642495492533B1484CA5194800ED
:1019F00006851A2A56AD940C2672893C7496198471
:101A000066C960B234A9D20C240006861A6A55ADA4
:101A100031CB0C42B3643092084512A14C2C1253C6
:101A20006906120006871B6A55AD31CB0C42B364C0
:101A30002491A9C824338950241152690612000642
:101A4000881085159A100A4DF6A15448A2900006F8
:101A5000891025B599134A85240A512691890006D3
:101A60008A0E459599134A85240A792802068B1215
:101A7000059699110A4DE6A15448A29087220006C6
:101A80008C0F45159A519288875221894202068D02
:101A90001025B599134A85240A6122924800068EC2
:101AA0001285159A12CA24228978281592282400B2
:101AB000068F1185159A5192C884F2A15448A290BC
:101AC00000069013A5159A5192C8252289782815E9
:101AD00092282400069113C6959D924A6DF6905463
:101AE0002C55A4510C2200069213A795A192A94847
:101AF000E551B15CAC4A2419640006930F26759D2C
:101B0000948AA58A348A41222406940F46559D94CE
:101B10008AA58A348A412E1506951386159D948AC6
:101B2000A58A348A4132134984220006961246550A
:101B30009D948A2532894C48A318E45201069713D4
:101B400086959D93C824F288542C55A4510C2200EC
:101B5000069815C6959D940A2532893C22154B1589
:101B60006914830800069916E6959D93C824928906
:101B70004C228F48C552451AC52002069A1C8F7503
:101B8000C11BCF936622B94C24115B2872B15C2C27
:101B900097291285064900069B1D2F55C19789E498
:101BA0003291446CA1C8C572B15C241109691299C3
:101BB000412C1E01069C23EF55C11B4F27C2893CB7
:101BC000652692CB4412B1852217CBC5729144246D
:101BD000A4496406B17804069D1C3175C93DD6E45C
:101BE00022A9446C3050E47485B94C22131225426A
:101BF000832C00069E1FF175C99B47E413F1449E98
:101C0000D958938BA412B1C14091D315E69221ED1E
:101C1000200B069F174815A692C948329144A4226A
:101C2000922BD14C8A0603050006A01A4936A91347
:101C3000CC2562893C72954B4654B2602E589992DD
:101C40000C240006A1140E15BEAB4D4823CAC434A3
:101C5000214E043783810806A2178E95BDAB4D48EF
:101C600023CAC434214E043783819E321D0306A348
:101C70001A0E96BD9BCED36A13D28832314D88138B
:101C8000C1CD60A0A74CC70006A41BCE15BE9B0EFD
:101C900027B2893CA936218D2813D3843811DC0C56
:101CA00006220006A51BAE75BDAB4D4823CAC43441
:101CB000214E043783811E9DC826C2E9080006A66E
:101CC0001DEE15BE9AC826F2D044369127D526A41B
:101CD0001165629A1027829BC1400406A718C9B5F6
:101CE000A916CC63650955241549840639B34828DB
:101CF00034C80006A81C09B6A916CC2562893C5434
:101D00009650455291446890338B8442830C000670
:101D1000A919CCF5B59B142A4349A1321B4EC52401
:101D2000C9445428190C340006AA112E15C227B52F
:101D30004DC70707717162F00206AB196CF5B59BD0
:101D4000142E6291442C134CC524C9445428190CF8
:101D5000340006AC1BAA15AE95CCE392C2582425DC
:101D60008945121949229790450683080006AD1E41
:101D7000EA15AE950C2672893C2C298C4552925856
:101D8000249191247209596430880006AE1E0A56C7
:101D9000AD9814C62229492C92C84812B9842C3215
:101DA00018E4B1895C22980C0106AF18ECF5B59BDC
:101DB000142A4349A1321B0E6B8289A8A16430D03A
:101DC0000006B01CCCF5B59B142A4349E122164904
:101DD000C432C1544C924C448592C1400306B11C9C
:101DE0000CF6B55991CC2485CA5052A8CC865331F3
:101DF000493211154A06030D0006B21D4C76B59BFB
:101E0000142A4349A1321B4EC524C9445428190C35
:101E1000F4149589140006B31E8C36B59B142A431E
:101E200049A1321B4EC524C9445428190CF4A86C8E
:101E30001E988D0106B41E4CF6B5974D2713C94C5C
:101E400052A80C2585CA6C381593241351A164300F
:101E5000D00006B51929D6A994492572796C501776
:101E6000EC2614494552915068100206B61708D660
:101E7000A596CB0373B25C27A1442A914A8432838E
:101E80000C0006B71A48D6A5968B2552893C2E27FA
:101E9000CB75124AA412A9442833C80006BA0EE82A
:101EA000D4A9968BA4645691810406BB13A8D5A926
:101EB00092CBADF6D05C2425B38A0C240006BC1569
:101EC00069B5A913CCA3829954229688255292C150
:101ED000223606BD1588D5A9948B2552893C221738
:101EE00049C9AC2203090006BE10C8F4A9328A4CC5
:101EF0005A2424250A190006C0116515A222494951
:101F0000A22149A26493180406C10C8614A6A21942
:101F10002432AA0006C2104615A6A38969F210CD84
:101F20002091510506C30F0615A692C824F29A41C6
:101F300022A30A06C41307B1A555114A8436918A13
:101F400084241119440006C51107B1A555114A840E
:101F50006691C12832880006C616A8B1A15394889C
:101F6000E581B1442A91DA558432830C0006C71604
:101F7000C7B1A55591AAC8E453895022348B892250
:101F800083080006C813C7B1A5156B8FAA082542A0
:101F9000B3982832880006C916A8B1A1154B84321F
:101FA0007958452A91DA558432830C0006CA158780
:101FB000B1A5940825F2A054229408CD62A2C820AD
:101FC0000206CB17C7B1A5154B2542893C289508B9
:101FD0002542B3982832880006CC140BD5B1378837
:101FE000A5426592602218498906220006CD150D8A
:101FF000D1B53908E642B1984698280CA56403117A
:102000000006CE186BD1AD91C92592F1412C152A4D
:10201000930413C1484A34100106D019CB15B137C7
:1020200088A54265926022184989067A50340F8B40
:10203000C60006D11AAB35B13788A5426592602239
:10204000184989067A4822984846730006D2100D2E
:1020500095BD964D441341A5349C1E3C06D3146D8A
:1020600095BD224D4B43D9443411544AC3E9C103B1
:1020700006D4082574A2301006D50DC414969251CA
:10208000242492840206D612EA5483922CD2244A43
:102090001215834474B00106D7130755839488C47E
:1020A00022994449449158E4060306D80B8454838A
:1020B000529150640006D90DC45483104974A29003
:1020C000280006DA12075583218A6C52B148261679
:1020D0008A0C120006DB09635483114A0406DC0DE6
:1020E0008954839468A2A849AD0006DF0A6354832B
:1020F0009158240006E0076254837006E10A65D413
:1021000083A14A0C0406E20C045583118A0C32DDCB
:102110000006E30D8974819468A2A849AD0006E425
:102120000A4554831151280006E50DC4949A5211B2
:10213000D14412120006E60DA994AA934BA472C1D1
:10214000C10106E70DA95483934BA472C1C10106D6
:10215000E80CA45483919248120A0006EA0DA55493
:10216000819249D4246A220006EB0DA5548392493A
:10217000D4246A220006EC0A635483915824000692
:10218000ED0C04F580118A0C32DD0006F00A637450
:10219000929158240006F10B431596A0B0589874FC
:1021A00006F20D4615A2A0193C1159750306F3104D
:1021B0004615A210490C0E12119155370006F41362
:1021C0004615A210510C062A4962A01864526D00EF
:1021D00006F5154615A292D26C12928422339224EF
:1021E000068384220106F6114615A2A21924449AF8
:1021F000C420E328950206F7134615A210124D06D7
:10220000918822A2C86C54250006F8134615A292A4
:102210004A693609494212194446A20006F9124594
:10222000159E21492822894124110A69440506FA8C
:102230001FCF75C11B4F27C2893C453692CB441234
:10224000B1852217CBC57299225168900406FB1DF7
:102250009175C99A47E441EB4C36948B4426B18181
:1022600028A72BCC858A54A9411606FC190936A942
:1022700012CC6357B96444250BE632A14C289992DD
:102280000C240006FD0FA4159631C884069260A2A6
:10229000FF0106FE18A6F59D114AC8228355494242
:1022A00092902424094942925001FB500FE5119667
:1022B00053911868439A503F01FB510FE511965313
:1022C000911868439A505F09FB52148D35B99C8868
:1022D0006AB543C9E01E17CE43C33100FB53156FE7
:1022E00035C1918E66A219DD603118E8B1F13CBCB0
:1022F00012FB540F655199930A8506BA5032940126
:10230000FB550E465199932A192C53D95404FB5668
:10231000156D55B99C886AB543C9E01E958826B2EB
:10232000E11C00FB57174F55BD918E66A219DD6069
:102330003118E8A18970221D4F02FB58114571998F
:10234000930A8506BA442491094500FB5910267169
:1023500099932A190C139944281501FB5A178D35A6
:10236000B99C886AB543C9E01E968826F2C04434F9
:102370009102FB5B1A6F35C1918E66A219DD603147
:1023800018E8B18970220F4E84133900FB5C136585
:102390005199930A8506BA4424914B44120900FBD3
:1023A0005D12465199932A190C139944329149248C
:1023B00000FB5E146DF1B516CE43C3794C22AAD54D
:1023C0000E25831B00FB5F156FF5BD17CFC3EB8197
:1023D000E968269AD10D1683810CFB600F65119A6E
:1023E000124A86A2A95068A000FB610E66119A935A
:1023F000CAA6F29054C960FB62176DF5B99588269C
:10240000F2C04434918724A25AED5032B801FB63E4
:102410001A6FF5BD950827F2E044389107A6A399F5
:10242000684637580C063200FB641365119A92888F
:102430002472894822980A85060A00FB65126611F3
:102440009A92C82492894C228F48950C06FB6612FA
:102450002DF5B9150E4F4789A8563B940C6E00FB1D
:1024600067142FF5BD158F8F87E968269AD10D1651
:1024700083810CFB680F65119A120A4DD6A950682A
:10248000A000FB690E66119A924A6DF6B854C960B5
:10249000FB6A1BCE15BE9B0E27B2893CA936218D47
:1024A0002813D3843811DC0C062200FB6B1ED0F5F8
:1024B000C19B8F27D2893C0B75421CA94C48A2892D
:1024C0004838135C4806031900FB6C16A5119A12D4
:1024D000CA242289B424A1882412924468A000FB53
:1024E0006D148811A2938B2552893C4E15094552D3
:1024F00032CD64FB6E1DEE15BE9AC826F2D044366E
:102500009127D526A41165629A1027829BC14004A9
:10251000FB6F20F0F5C19A4827F2F0443A9167A189
:102520004E882395094934110967820BC96020033D
:10253000FB7017C5119A5192C8252289B424A1882D
:102540002412924468A000FB7117C811A29248257A
:10255000F2B0442A91C7A922A1484AA6990CFB725D
:10256000186A55AD31CB0C42B3642495492533B17B
:10257000484CA5194800FB73196A55A931CB0C4288
:102580008B5093C820934A666291984A339000FB1F
:1025900074114951A9B2CA281383EB601E120C01B1
:1025A000FB75124A51D132CB4823838378320F4ACC
:1025B000A600FB76176A55AD31CB0C42B36430935D
:1025C000C85464A24995662001FB77186A55A93161
:1025D000CB0C428B50AB412691A9C844932ACD40E5
:1025E00002FB7810E9B0A9B2CA281383E3442C9106
:1025F00001FB7911EAB0D132CB482383837422974F
:102600000801FB7A1A6A55AD31CB0C42B3643092A3
:10261000084512A14C2C125369061200FB7B1B6A61
:1026200055A931CB0C428B50AB4124118A244299DD
:102630005824A6D20C2400FB7C122971A9B2CA2806
:102640001383E3442C910B8600FB7D132A71A9327E
:10265000CB4823838374229708265300FB7E1B6A92
:1026600055AD31CB0C42B3642491A9C824338950B1
:1026700024115269061200FB7F1A6A55A931CB0C4E
:10268000428B508B8A4124114A4612A94495CD4071
:1026900002FB80144951A9B2CA281383E3442C9148
:1026A0004FC4121900FB81154A51D132CB48238304
:1026B00083742297C84312B94408FB821025B59948
:1026C000134A85240A6122924800FB831247B59D74
:1026D00013CBC54A221A8930114A6400FB840F4586
:1026E000159A519288875221894202FB85116715FC
:1026F0009E5194C8A362B95849442311FB861285A0
:10270000159A12CA24228978281592282400FB875A
:1027100014A7159E124B2542893C2A968B9544346A
:102720001201FB881085159A100A4DF6A15448A293
:102730009000FB8912A7159E128B8DF6A0582E567D
:1027400012D14804FB8A15C6959D940A2532893C0E
:1027500022154B156914830800FB8B15C875A594C9
:102760008B2552893C2EA75BE5622ACD2004FB8C89
:1027700013C6959D924A6DF690542C55A4510C2287
:1027800000FB8D14C875A592CBADF6C09C6E958BE1
:10279000A934831000FB8E166DF5B91C554AC3E9A8
:1027A000544E124D441341CD602002FB8F144F153F
:1027B000BE1CD68AE3C158A1289A8986060F04FB5D
:1027C00090114811A29712A972C1A03097184C001D
:1027D000FB91114B11AE18D409A3D9AC369A191C30
:1027E00008FB921ACDF5B91C554A4351A5349C4EAD
:1027F000E524D1443411D40C062200FB9317AF1505
:10280000C21CD68A4361AD381E8C158AA2996868AD
:10281000F040FB9414A811A29712A94229912A17FB
:102820000C0A7389C104FB9515AB11AE18D409438A
:10283000419D309ACD6AA399C18100FB961F8D36C8
:10284000B91C554A4351A5349C4EE524D14434115A
:10285000D40C067A5C380F0DE700FB971D8F36C14C
:102860001CD68A4361AD381E8C158AA2996868F01F
:10287000404F18CFC3CB00FB98186852A19712A9FC
:102880004229912A170C0A7389C13A97CF8500FB18
:10289000991A6B52AD18D40943419D309ACD6AA361
:1028A00099C1813E9A87456300FB9A1C0DF6B95A7F
:1028B00011CD4495D25054290DA753394934114DA7
:1028C0000435838108FB9B1BEF15C21A4E843361CC
:1028D000AD3814D68AE3C158A1289A8986060F0418
:1028E000FB9C17E811A25591CAA444AA504AA4CA55
:1028F0000583C25C623001FB9D18EB11AE164C04DF
:1029000033419D3014D409A3D9AC369A191C08FB65
:102910009E0EE8D4A9968BA46456918104FB9F1166
:10292000E994A516CCA46689582295196800FBA0E5
:1029300013A8D5A992CBADF6D05C2425B38A0C247C
:1029400000FBA115C995A5120CCEF674C14C6A9670
:10295000882552998106FBA20F651196120A4DD661
:10296000A95068A000FBA30E66119A924A6DF6B8B2
:1029700054C960FBA41185159E224949F22149A240
:1029800046935800FBA51086159EA28969D2214D59
:1029900022D2CD4CFBA60EC5149E1292246A348915
:1029A0000500FBA70D8814A6A31A64328A9400FBC5
:1029B000A80B43918DD2C92C1111FBA90CE670997B
:1029C000119218A5DA00FBAA10C8F4A9328A4C5A51
:1029D0002424250A1900FBAB12CAF4AD328B8C22D9
:1029E0003509492832180401FBAC0FA910AAB38A93
:1029F0006C222D248B8802FBAD11AA10AA338B8C7C
:102A00002235094942111904FBAE100D95BD964DB2
:102A1000441341A5349C1E3CFBAF0F0B35A5268CFF
:102A20000675C268767010FBB0146D95BD224D4BD3
:102A300043D9443411544AC3E9C103FBB1136B3584
:102A4000A522CC0A43C26850278C66070701FE7096
:102A50000B84549B32080D2200FE710D4991AEA4E7
:102A600052AAF4AC0607FE720D85749BA3480C12A3
:102A7000110900FE740B84549932080D2200FE7671
:102A80000944549B328800FE770B0991AEA4D2B35F
:102A90001A1CFE780BA474975211A9D000FE790F6E
:102AA0008991A6944BE42A5279F68303FE7A0A644C
:102AB000949993506400FE7B0C2991ADF09E514C8B
:102AC0009603FE7C0B659483A4482C1200FE7D0EB9
:102AD0006991AE164A1429F29C0D0EFE7E0A8354AB
:102AE0009351A15800FE7F0F4991A6934BC4123118
:102AF0003DABC101FE800DC4149631C88406920C12
:102B000000FE810FC61196951824D22951AADF0024
:102B1000FE8210C6119A951824D22951AACF14000A
:102B2000FE830D031692B1594614917E01FE840F67
:102B3000041696A10829C21949A68F04FE8515C757
:102B4000B1A525CA89F2B054229408CD62A2C8204A
:102B500002FE8617C995A9254BCAF2E05C2296C8E9
:102B60000D62C14828340801FE870D0356951151A6
:102B700044FAE16602FE8810045695919164FA4881
:102B8000A908293200FE8918ABD1AD23CC0AF3D8AD
:102B9000412C152A930413C1484A341001FE8A16A9
:102BA0008B75B124CC0AF3F8D440158A49829194EC
:102BB000682002FE8B0F641196A20829C2A14C6600
:102BC0009000FE8C0E46119AA38969F29854C96050
:102BD000FE8D0B4219969058F40B00FE8E0B431994
:102BE00096105144FA46FE8F112D91B59C886AB516
:102BF00043C9E01E178E01FE90140F95C1918E6699
:102C0000A219DD603118E8B1F12400FE910D05B183
:102C100099930A8506C25004FE920DE6B099932A54
:102C2000192C531100FE931045159E51924887248C
:102C300089924D6210FE941266159E92C824F28805
:102C4000CCA4449159C504FE95130DF1B595882681
:102C5000F2904454AB1D4A063700FE96150FF5BDA1
:102C6000950827F2C0743413CDE8068BC14006FEE8
:102C7000970F05119A92882482A95068A000FE98A7
:102C80000E06119A92C824F28854C960FE99154D17
:102C9000F5B916CE26A2893C2411D56A8792C10DBA
:102CA00000FE9A174FF5BD164F27C2893C301DCD47
:102CB0004433BAC162309001FE9B1145119A13CA88
:102CC000242289602A141A2800FE9C1046119A9327
:102CD0000A2532893C22553218FE9D166A55AD31BF
:102CE000CB0C42B3643093CAA4A24995662001FE7E
:102CF0009E176A55A931CB0C428B50AB41269549A2
:102D000045932ACD4002FE9F0F0991A9B2CA28130C
:102D1000837B5C3004FEA00F0A91A932CB48238349
:102D2000833CB20AFEA1146A55AD31CB0C42B364A8
:102D300030599A5469061200FEA2156A55A931CB82
:102D40000C428B50AB41B234A9D20C2400FEA30C30
:102D50008910AAB2CA28138303FEA40D8A10AA32CE
:102D6000CB4823838300FEA516EA55AD94CC636758
:102D7000994168960C264B932ACD4002FEA617EA8D
:102D800055A994CC6367994168116A3548962655D0
:102D90009A8104FEA70E0911AA14CC235719656263
:102DA00070FEA80F0A15AA94CC8367196964701085
:102DB000FEA90DC5149A134A85240A0900FEAA0E1D
:102DC000E7149E13CBC54A221A8900FEAB0E4515A7
:102DD0009A12CA875221894202FEAC0F67159E12D1
:102DE000CBC3EA6225118D44FEAD0E06959D948AF3
:102DF000A58A348A4104FEAE0F0875A594D3AD723E
:102E00003195661002FEAF1186959D94CA4352B16A
:102E1000549146318800FEB0128875A594CB037397
:102E2000BA552EA6D20C4200FEB1170F75C1978974
:102E3000E43291446CA1C8C572B15C91729004FEF9
:102E4000B2181175C597892433914C6C70900BE6BC
:102E500082B964483BC802FEB30B6B10AE53922993
:102E6000193CFEB40E6D10B65392CA44228307017A
:102E7000FEB51DCF75C11B4F27C2893C652692CB7D
:102E80004412B1852217CBC57245CA4112FEB61F46
:102E9000D175C59B47E413F1449E3E1349662299C0
:102EA000D8E02017CC0573C990769005FEB7122B99
:102EB00011B2174D2682893C3813C9940C1EFEB8F6
:102EC000142D11B617CE26A2893C4D492A13890C20
:102ED0001E04FEB9183175C93DD6E422A9446C30F0
:102EE00050E47485B964483BC802FEBA183275C90B
:102EF000BDD60423A9486C70A013E692B968483C7B
:102F00000803FEBB0F8D10BAB909692299D4E041BC
:102F100002FEBC0F8D10B638CA684A5289C18300C0
:102F2000FEBD1C9175C99C47E489C69A5C249588AE
:102F30000D068A9CAE30970C69075900FEBE1C92A4
:102F400075C99C87E4C9D69A602415890D0E74C290
:102F50005C32170D89076100FEBF12ED10BA18CE62
:102F60006337214D24931A3C4800FEC011ED10B682
:102F700017CE6347194D492A317810FEC111481503
:102F8000A69293E5BAD86822A1C14001FEC21049B9
:102F900015A612D405BB18698A128303FEC3114714
:102FA00011A21153C5BA986812A1C12001FEC41123
:102FB0004A11AA921426BB58694225838300FEC594
:102FC000144815A69293E5229A5CC54613090D068E
:102FD0000A00FEC6134A15AA92142623AA64C54AFB
:102FE000132A191C04FEC7144811A69293E5229ACD
:102FF0005CC54613090D060A00FEC8134A11AA92C1
:10300000142623AA64C54A132A191C04FEC914896C
:1030100035A9B2CA25232A593017AC4C49061200EB
:10302000FECA156955A5B252C872ABCC20910B5699
:10303000A624030900FECB0DA7109EB349E53283F9
:103040004102FECC0DA7109EB2518852138D00FE96
:10305000CD160936A912CC6357B96444250BE68214
:103060009529C94002FECE17E955A513CC43570A4E
:10307000596E95192472C1CA94642001FECF10279D
:10308000119E13CBA336A95C66304800FED00F28F2
:1030900011A294CBE3460A556CB211FED1178E15DE
:1030A000BE9BCED36A13D28832314D8813C1CD6016
:1030B0002002FED21A90F5C19BCF335127C491CA8A
:1030C00084249A888433C18564309001FED31365CB
:1030D0001192128A4B128A4822214984060A00FE64
:1030E000D4114811A293CB035591502425D34C06FB
:1030F000FED51AC9B5A9958825F2505942154945FA
:1031000012A141CE2C120A0D3200FED61CCB75B195
:10311000950826F214C2842E928B6442835D241794
:103120008985CA062900FED7146511925192484B31
:10313000128A4822214984060A00FED8134811A2A7
:10314000924825F23855241449C9349301FED91800
:103150004A15AE9814C62229492C92C84812B9843F
:103160002C32184400FEDA164B15AE1855E6223103
:10317000492E5223A98BC832838300FEDB114811EC
:10318000A29712A972C1A03097184C00FEDC114B17
:1031900011AE18D409A3D9AC369A191C08FEDD1457
:1031A00088D5A59693E53A09255289542294196445
:1031B00000FEDE14C995A516D405FB2634484552F9
:1031C0009150681002FEDF0C441192929164FA4211
:1031D00002FEE00C441192929164FA6210FEE10E3C
:1031E000A6F59C114AC82283557F05FEE20FA7F57C
:1031F0009C914AE8328341AC3F03FEE30D8710A265
:10320000248A4424838402FEE40D8910A6248B843E
:10321000248A8501FEE51148D5A993CB6372919468
:10322000CC2A329000FEE6144995A513CCA38299CE
:10323000D42C114BA432030D00FEE70D25119A1278
:10324000CAA742A18102FEE80D06119A93CA435211
:10325000258301FEE90DC4149A925124249284021C
:10326000FEEA0DE6149E13D22422DDCC04FEEB13FD
:10327000E810A29353253489842411C968260B00D1
:10328000FEEC17667199A3496412994446329888F6
:1032900012994426115200FEED1007B1A555114AAE
:1032A00084663151641001FEEE130995A9954BC453
:1032B00012B9412C180985062100FEEF140BD1AD7F
:1032C0003788A54265926022184989062200FEF0DF
:1032D00012CB74B1911AA84231493092120D4400B8
:1032E000FEF1186B75B13788A542659260221849C6
:1032F00089067A4822988801FEF2162B15AD911A9C
:10330000A84231493092120DF49044301103FEF37B
:103310000F05B199930A8506BA44249100FEF40E74
:10332000E6B099932A190C13994402FEF519C715B2
:10333000A6151944D29AC4445294082552315122F8
:1033400013C94C00FEF61DEAF5AD951AA4F2D09013
:103350004633894572895C2297C82962919068A09A
:1033600003FEF719E715A621CA89D29AC4445294DC
:1033700008255231512213C94C00FEF81D0AF6AD42
:10338000A18BEAF2D0904633894572895C2297C8B6
:103390002962919068A003FEF91A0756A5A0494C2E
:1033A00024458950221513253291CC1E22CA8962E8
:1033B00000FEFA1D2A36AD16D26826B1482E914B72
:1033C000E41239452C12120DF4685D549704FEFB8B
:1033D000154715A6A0494C244589502215132532BE
:1033E00091CC04FEFC196AF5AD16D26826B1482EC0
:1033F000914BE41239452C12120D7400FEFF35EF8B
:1034000011BE907091D823068A16A248A22C93A8C8
:10341000908412158A8124918728220989421149B2
:1034200024648A8424A248284A128A48C21EB270A0
:103430005100005F0002020304030504050C00FEB6
:1034400007FE08FF0139028503AC2005006A072149
:1034500007394367A80022079B56275901230B35DC
:1034600042AF1AAA4C69A80A240D4D3E37AF4AE56F
:103470009D54B5230025093D4247CEDC3905260C75
:103480003D422FA798729564540127051957672864
:103490000ACB3E37C514EB9803290BCB3E27C71C3C
:1034A000AB9822002A0A3D42B7AA765ECD082B0AC5
:1034B0002D4637A3386446112C071B3E4F8D042D33
:1034C000060D4E67082E06924267042F0C3D421FE0
:1034D000E58C728D7246003009BC424F45CFA40086
:1034E0003108BB422FC9AE01320A3D426FE58C72F2
:1034F0007B08330C3D42676894B3863A2D00340C48
:103500003D423FCB54A6A1334A00350C3D42E7462D
:1035100023C38C745A00360C3D4257E68C46CA3A97
:103520002D00370D3D4267689433CA196514013880
:103530000B3D426F659D56D66901390C3D426F6562
:103540009D4646394A003A07AA4267C4113B0933EF
:103550003ECF466A24003C07AB4637D5053D081DE3
:103560004A676838043E08AB46275725003F0A3DA6
:10357000426FE536CA7404400C3D426F65355252C5
:1035800023C305410A3D426F653D46B603420C3DEB
:103590004267C42AA659C5A100430C3D426F658D00
:1035A00032CA28A705440D3D4267C42AA698628AFC
:1035B0004301450C3D42E746198D94514643460D63
:1035C0003D42E746198D9451461901470C3D426F23
:1035D000658D328A3B2D0048093D4227DB63643B01
:1035E0004908BB4267C5AE014A0C3D42776794511A
:1035F000466594004B0B3D4227CB54EA14AB1C4C60
:103600000E3D4227A38C32CA28A38C86004D093D6B
:103610004227AF95B43B4E0A3D4227EBA992DC3AD4
:103620004F093D426F65EFB400500D3D4267A4ACB9
:1036300087CA28A38C00510A3D426F6557925105F5
:10364000520B3D4267A4AC872AAB1C530B3D426F23
:10365000650D37D46901540E3D4267C88C32CA28C3
:10366000A38C220055083D4227FB4E0B560A3D42D3
:1036700027BB5399720457093D42277B25D505582E
:103680000A3D4227EB5457B50E590C3D4227EB54E7
:1036900067945146115A0A3D42676894BBD1105B4A
:1036A00008CB3E67C43E075C0D3D4227C38C32CC3D
:1036B00030A30C035D08CB3E67F639025E071D564A
:1036C00037A73A5F060D3A670860069B56271761D1
:1036D0000A2D426FC334741A01620C3D4227A38C39
:1036E00046CAF65000630A2D426F658D725A006417
:1036F0000B3D421F659486B6D308650A2D426FE5DF
:10370000A1325C00660B3D425756796794510667BB
:103710000B3D3A6F653B8D8CD202680B3D4227A36F
:103720008C46CAEE006908BB422F23D91A6A0ACC1C
:103730003A3F63DD9649016B0C3D4227A38CB24CA6
:10374000B3CA016C07BB4247F61A6D0A2D4247B552
:10375000545249156E082D422799DA0E6F092D42F1
:103760006F653B2D00700C3D3A67A46C0F95514678
:1037700000710B3D3A6F683B8D8C320A720B2D4203
:1037800027991A65941100730A2D426F68B8E150A9
:1037900000740C3D4237A338644619652875082D1E
:1037A00042273B950A76092D4227DBA98E0077092F
:1037B0002D42275B49750178092D4227A7BAAA0334
:1037C000790A3D3A27DBA96E23007A082D4267E883
:1037D000F6107B09CB3E37C52AC73A7C06493FE73E
:1037E000017D0ACB3E27C73AC52A027E091D4A2F12
:1037F000AA24130000000004FFFF0000BF00020223
:103800000304030504060A00FE07FE070001420246
:103810009207B320050062072107394367A80022F9
:10382000079B52275901230D3D42AF4C69A86AA856
:10383000322500240B3D4237AF7AA7B42300250B75
:103840003D422FAAEEAA251300260C3D422FA79831
:10385000729564540127051953672808BB423795B0
:1038600075012908BB42279755092A0A2D4627A723
:103870006AA876002B0A2D4637A3386446112C0718
:103880009B3E4F95002D060D4E67082E079B3E2F41
:10389000AD042F0B3D421F6594BB514600300A3DDD
:1038A0004237A7DA4E7504310C3D4237CB9451466E
:1038B00019C521320C3D426FE58CA2CC190D0133A4
:1038C0000C3D42676894B3863A2D00340C3D423F6C
:1038D000CB54A6A1334A00350B3D42E746C9CC483C
:1038E000A705360B3D4257E68C92A9D302370C3D13
:1038F0004267689433CA35CA00380B3D426F659DF4
:1039000056D66901390C3D426F65A95446394A00C3
:103910003A0ABB3E2FAD0CD34A003B09BB3E2FAD4C
:103920000C55093C0ABC423FB6514619053D081DDD
:103930004A676838043E0BBC4227A38C328A6D006C
:103940003F0A3D426FE536CA7404400B3D426F6545
:10395000B99295E102410B3D4237A75A8F9175000C
:10396000420C3D4267C42AA659C5A100430C3D4202
:103970006F658D32CA28A705440D3D4267C42AA64B
:1039800098628A4301450C3D42E746198D945146A1
:1039900043460D3D42E746198D9451461901470CA7
:1039A0003D426F658D328A3B2D0048093D4227DB41
:1039B00063643B4908BB4267C5AE014A0C3D427790
:1039C000679451466594004B0B3D4227CB54EA1453
:1039D000AB1C4C0E3D4227A38C32CA28A38C860018
:1039E0004D0A3D4227EBB592B6034E0A3D4227EB06
:1039F000A992DC3A4F093D426F65EFB400500D3D8E
:103A00004267A4AC87CA28A38C00510A453E6F6563
:103A1000AF6AC300520B3D4267A4AC872AAB1C536C
:103A20000B3D426F650D37D46901540E3D4267C8A6
:103A30008C32CA28A38C220055083D4227FB4E0B2E
:103A4000560B3D4227DBA94C31E508570A3D42277A
:103A5000BB924A7700580A3D4227EB5457B50E599E
:103A60000C3D4227EB5467945146115A0A3D426778
:103A70006894BBD1105B08BB4267C4CE015C0D3DAE
:103A80004227A30C33CC30C38C025D08BB4267765F
:103A90008E005E071D5237A73A5F060D3E6708602D
:103AA00006125B2706610A2D426FC334741A016245
:103AB0000C3D4227A38C92A9A75200630A2D426FA6
:103AC000658D725A00640B3D421F6594CC2D950A9A
:103AD000650A2D426FE531325C00660C3D42575657
:103AE00079C48C32CA00670C3D3A6F689D46463AED
:103AF0002D00680B3D4227A38C92A9ED006908BBFD
:103B0000422F23D91A6A0BCC3A3F635D4B991400BC
:103B10006B0C3D4227A38CB24CB3CA016C07BB426D
:103B200047F61A6D0A2D4247B5545249076E082DC3
:103B3000422799DA0E6F092D426F653B2D00700CFC
:103B40003D3A27997A2A95514600710B3D3ACFDCD0
:103B500052A98C320A720B2D4227991A65941100D2
:103B6000730A2D426F65B8E15000740D3D422FA3DA
:103B70003C624619C5A80075082D42273B950A7678
:103B80000A2D4227EB54A61C0177092D42275B49D9
:103B9000750178092D4227A7BAAA03790B3D3A2768
:103BA0009B4A65A4D3027A082D4267E8F6107B0B86
:103BB000BC42576594348A19097C063943E7087D6D
:103BC0000CBC4247A39891CA2849007E091D522F78
:103BD000AA241300A005006207A1073943270D019D
:103BE000A20C3D3E370F15534C79C408A30B3D4240
:103BF00057567967149502A40A2D4227A799E2CA5D
:103C000001A50D453E27EB54C72133CA2802A6065D
:103C10003943670DA70B453E6F65343B374A0BA808
:103C2000068B5E2705A90C3D426F6595A64A3A2D85
:103C300000AA0AB4466F44A56A3402AB0B2E42B701
:103C40008A29E6986300AC07944A67E400AD068CC5
:103C50004E6704AE0B3D426FE591E6D46901AF06B5
:103C60000D5E6708B0069B52AF0BB10B354237A310
:103C70003864467108B208AC4E4FC5E608B30AACCA
:103C80004E67A3A4D14800B406125B4F01B50A35B4
:103C90003E27DB53A98C00B60E3D426F8C34525246
:103CA00031C5145300B705094F27B806123B4F0121
:103CB000B907AB4E2FC96ABA0AB4464F4599341CAE
:103CC00001BB0C2E4227E698638A294600BC104EA1
:103CD0003E2F230D33CC6866A4531C1906BD104E2D
:103CE0003E2F230D33CC686554C38C321ABE0E4D63
:103CF0003E47C39C619459A634320ABF0A3D4237FD
:103D0000D319E5D602C00C45422FC3BCB21E23EB2B
:103D100000C10B4542BF5E598F917500C20C4542F0
:103D200037A7B8B21E23EB00C30C45422F2AB9B205
:103D30001E23EB00C40B4542AFA656D663641DC5D7
:103D40000C454237A7B8B21E23EB00C60B3E4277A4
:103D5000A4B239466C0EC70D4D3A6F658D32CA2834
:103D6000A75D03C80E45422F8F8D321A29A38C867A
:103D700000C90E45423F8D8D321A29A38C8600CA98
:103D80000E4542378E8D321A29A38C8600CB0E4504
:103D900042AF1A1B65345246190D01CC09C34227A4
:103DA000A7155B03CD09C34237A5155B03CE09C335
:103DB00042AF1A29B606CF09C34227E5155B03D0E7
:103DC0000D3D4267C42A8E54A6381400D10B4542DB
:103DD00037754F95E4D601D20B45422FC3BCB23B99
:103DE0002D00D30A4542BF5ED99D1600D40B454233
:103DF00037A7B8B23B2D00D50A454237355776A7CD
:103E000005D60A4542AFA65676A705D7092D422703
:103E1000A7BAAA03D80B3D426FC52BCD991600D97E
:103E20000A45422FC3DA3B2D00DA094542BFCCDEFA
:103E30006901DB0B454237A78CB33B2D00DC0A45FB
:103E400042AFC6D93B2D00DD0C4542BFCC3AD51957
:103E5000651401DE0E3D4227A391F25019659411BD
:103E600000DF0B3D426F6599CA2A2B05E00C4542E5
:103E70002FC34C6E98864E23E10B4542BF26374C2C
:103E800043A711E20C454237A74C6D98864E23E3B9
:103E90000C454237B5A90DD3D06904E40B3D42AFC0
:103EA000A6364C43A711E50C454237A79C374C4337
:103EB000A711E60B2E426F64548D998700E70B3DE6
:103EC0003A6F658D72DA3500E80C45422FC34CAE6F
:103ED0003C46860BE90B4542BF26571E23C305EA25
:103EE0000C454237A74CAD3C46860BEB0B3D42AF31
:103EF000A6561E23C305EC09C3422767245B03EDC6
:103F000008C342AF86B235EE08C342AF2D5B03EF64
:103F100008BB422765D91AF00B3D424743B9B29D11
:103F20001600F10A454237B57132B51DF20B454214
:103F30002FC34CAE6CA705F30A4542BF2657B6D334
:103F400002F40B454237A74CAD6CA705F50B454273
:103F500037B5A995EDB400F60A3D42AFA656B6D3E3
:103F600002F7092D463753435311F80A2D426FC803
:103F700095E65000F90B45422FC34C65A75201FA54
:103F80000A4542BFA6B253A900FB0B454237A78C96
:103F9000B353A900FC0A3D42AFC6D9A95400FD0C99
:103FA0004D3ABFCCA65219E9B400FE0D453A27A3FD
:103FB00091B23D54461901FF0D4D3AAFC6D9542A6E
:103FC000239D160000000004FFFF00001300030300
:103FD0000505040506101000FE0AFE0BFF019D03F7
:103FE000370F18200600A047012107413144711105
:103FF000220885284611D316230D46254495A74B44
:1040000028CB294F00241247254417AC8442A2E054
:10401000781812A5146300251647254423134592EA
:10402000222149341C8D8822A148924C0226144733
:104030002544354B8AA5048591902C228CC444A339
:1040400000270681304641280D83ED43150945427E
:10405000790BC502290E83E943110BC54279094545
:1040600042002A0EE764449794926D16C994160391
:104070002B0BE76444174EBB85D3002C0982AC435D
:10408000218948002D06242845412E06422C444112
:104090002F0D4625449B981A8C0653A300301446D6
:1040A0002544250B4582B25144129A0923A1980850
:1040B00000310B45294415134582F954320E46252B
:1040C0004443090AA3315930356A33104625444325
:1040D000090AA3A17154288C5000341146254419B3
:1040E00094454229B1482C628CA600350E462544E1
:1040F000714D2D47A3C2080500360F462544350AE9
:1041000046A395A0C6080500370C462544614D8C92
:1041100026463301380F46254443092A4628418D57
:10412000110A00390E46254443092A46AA19432399
:10413000003A07E26C4441263B0A22ED4341964493
:1041400024003C0925294419CB35073D08A6A44481
:104150006147343E0A25254411CD2D47003F0F46C7
:10416000254443090AA3C1D438301A024014462515
:1041700044358A892292C82424094942A2499800D8
:10418000410E462544250B65090A0F418D01420D5C
:1041900046254451092A5A821A2D00430D462544CA
:1041A0004309AAE6288C5000440D462544418A451F
:1041B00082FA162101450B462544714DAD44B31AD0
:1041C000460B462544714DAD447305470E462544C4
:1041D0004309AA2611D5249300480B46254411D43F
:1041E0007808EA18490A452944510AE6A7024A0E06
:1041F000472544550CE729168AC566004B1346250A
:1042000044119445422931A130120BA54582014C3D
:104210000946254411CD5F0D4D0D46254411148EE0
:1042200048131D35064E12462544119CCD242149C4
:1042300048141145648B014F0C4625444309EAC7D5
:10424000080500500C46254451092A5AA2B90251CA
:104250001767E543430A4682916024180946829114
:1042600088242212D105521046254451092A5A4267
:1042700069915824280C530D46254443092A6B1490
:10428000462800540A472544710BE76F00550B463A
:10429000254411D41F231400561347254411558D6E
:1042A000C442B1502C251889866300570D46254419
:1042B00011D445CB883414065811462544111446B0
:1042C00042D984B25096A030005910472544119528
:1042D0004662A1584A349C1B005A0B462544614D46
:1042E000CC6BD4005B0983F14341CA3F0D5C0D46A2
:1042F0002544110DA786A3E1D4005D0983E5433170
:10430000CA3F115E0A666446250B4582015F062797
:10431000E44371600763A846114B610E06254443D0
:104320000946234635C92400620F66254411CD3263
:10433000910935CE241300630C06254443094A73C2
:104340008C5000640D6625449B65221BEA26990467
:10435000650E06254443090A0FD1C4080500660C02
:10436000652544270A2695827902671466A5431BB2
:1043700099C822B1482C348B5282C2080500680CBF
:1043800066254411CD329109F518690B652944154C
:104390008C4384F9546A0DA5A543990E11E6A32810
:1043A00024026B1266254411CD1609A5C4849158C8
:1043B000282D120C6C0965294423CC3F156D140778
:1043C000254431918442A29028240A8942A290284F
:1043D000016E0B0625441199C8847A0C6F0B0625D3
:1043E000444309EA314201700F46A5431199C8843C
:1043F0001A679249340A710D46A54333910D75939E
:104400004CA209720C0625441199C884D25C017330
:104410000C06254443098A35462800740B4525447B
:10442000154C2A057315750B06254411D437C9247C
:1044300000760D06254411548C84F226140177135E
:104440000725441115854421514814128544292A11
:104450000078100625441114464231A12C14090A93
:1044600003790E46A54311D431125289A650007A21
:104470000A062544610DE6D5007B0FA4A9432589D2
:104480000563A1C4B4502C287C07C1B143F1007D61
:1044900010A4A943218C8562C1A4B4602C22027EA1
:1044A0000B6724462313856412007F2510A2831115
:1044B000C9EF48729CE448234A6C14094643114AE8
:1044C0006C14094647143B4E729CE44891FC0080F2
:1044D0002710A28311C9EF48729CE44833D16414B9
:1044E000094542A11125440C454289A1C8448E9337
:1044F0001C273952243F812810A28311C9EF48722A
:104500009CE44849A2C928128A8442945064291222
:104510008A444321514C8E931C273952243F8225D3
:1045200010A28311C9EF48729CE4484B2152241415
:104530000985964E916028340A86E638C97192231F
:1045400045F203832610A28311C9EF48729CE44808
:1045500029A3502529124A918C4E91502494651418
:104560009AE324C7498E14C90F842A10A28311C963
:10457000EF48729CE4489350642409499282A188D0
:10458000241491845242B149283292E324C7498EBF
:1045900014C90F852510A28311C9EF48729CE44805
:1045A00029941825311A915062A348301A8A50EC88
:1045B00038C971922345F203862210A28311C9EFF4
:1045C00048729CE468A39164981453B20523A1D067
:1045D00052688E931C273952243F872310A28311DF
:1045E000C9EF48729CE448A4916498142289EE9122
:1045F0005088320ACD7192E324478AE40788231059
:10460000A28311C9EF48729CE44829A3C928332921
:10461000261AA5C6424923394E729CE44891FC00F3
:10462000892410A28311C9EF48729CE468A1C88A4A
:1046300024941824052392506252923A4E729CE4BC
:104640004891FC008A2510A28311C9EF48729CE4AE
:1046500048B1C848320BA5C642B190242D180D862A
:10466000D47192E324478AE4078B2410A28311C9F2
:10467000EF48729CE448A3E06414098642A3608872
:1046800098944899C87192E324478AE4078C2410CF
:10469000A28311C9EF48729CE448A360881409867C
:1046A00042A3608898944892C87192E324478AE4B0
:1046B000078D2210A28311C9EF48729CE4A8B3A011
:1046C0002C940E9A056591581C94518E931C273991
:1046D00052243F8E2110A28311C9EF48729CE468D6
:1046E000A3C9623CA645168C4447233B4E729CE40A
:1046F0004891FC008F1F10A28311C9EF48729CE4FF
:1047000068A3C9623CA645164CDA22C7498E931CA1
:1047100029921F902510A28311C9EF48729CE4488A
:10472000B39129128C862251C928120FCD26133934
:104730004E729CE44891FC00912410A28311C9EFB1
:1047400048729CE448A3B4C828120AC9466991611A
:1047500028962AABE324C7498E14C90F922410A2CD
:104760008311C9EF48729CE448A394A54828181AFD
:10477000254986A148342AB2E324C7498E14C90FBB
:10478000932410A28311C9EF48729CE46893D1640A
:104790001A8ACB622259281A9B8546729CE438C932
:1047A0009122F901942110A28311C9EF48729CE46F
:1047B00068A349889894183C26C54693D01C27398D
:1047C0004E72A4487E952510A28311C9EF48729CB1
:1047D000E46829B1904425168DE449128BA8C622BD
:1047E000B1901C27394E72A4487E962510A28311E1
:1047F000C9EF48729CE468939964188A8462A29114
:104800002D120C8546C1D01C27394E72A4487E97C4
:104810002410A28311C9EF48729CE448949964184B
:104820008A844294D13129440986E638C971922399
:1048300045F203982510A28311C9EF48729CE468E1
:1048400023993114098B9224B24828189A89267228
:104850009CE438C99122F901992610A28311C9EF6D
:1048600048729CE468A29184168C254524B1512499
:104870001489856423C91C27394E72A4487E9A2363
:1048800010A28311C9EF48729CE468A3C962342A5C
:104890008A86649168703699C87192E324478AE4E5
:1048A000079B2210A28311C9EF48729CE468A3C938
:1048B0006234189585E6A1E8643491E324C7498EF3
:1048C00014C90F9C2210A28311C9EF48729CE4A85E
:1048D0009392281C070983D2581C320CCA7192E3A8
:1048E00024478AE4079D2410A28311C9EF48729CD3
:1048F000E468B29129128C8642A2D82818098B66E6
:10490000759CE438C99122F9019E2410A28311C933
:10491000EF48729CE488A3584894A23C8A24898278
:10492000B170301692E324C7498E14C90F9F251029
:10493000A28311C9EF48729CE468A29929128A44A3
:1049400029A3D828128C8622D13A4E729CE4489131
:10495000FC00A00600A04701A1074131442139A273
:1049600013472544170E564221512C140BA514C38E
:104970003100A30E472544370B2716C3A915610044
:10498000A410066544118C905282C248284409063E
:10499000A510472544118DC452A2B15BEC164E03FD
:1049A000A6074131444122A71046254443098A29DC
:1049B0004161842C8C5000A808442847111205A995
:1049C00018482144450B46422AA1882428094A4216
:1049D000119128128C9100AA0BE56845338DD422E1
:1049E000D402AB0F262544954B284B2816CA16CA6D
:1049F00000AC0886244461CD00AD2510A28311C906
:104A0000EF4872B44948460C451245A4902C124A0E
:104A10001C6592E32447A7CA71922345F203AE199D
:104A2000482144450B46222349282209452423498D
:104A3000922414498C9100AF0626E44661B00B84A1
:104A4000A845230989221200B10C276544174EBBE3
:104A500085D36107B20DE5244533890543A258B0DB
:104A600000B30DE524453389052353596402B40886
:104A700063AC46154902B51648A143130C0543C162
:104A80005030140C05434A1151241C07B61967E530
:104A90004373984428114A68128C0423C148301289
:104AA0008C04231100B706422C4541B80743A843A4
:104AB0003501B90BE5244515134582990ABA0BE572
:104AC00068453389A945C605BB1026254411CA1679
:104AD000CA168A84B2843201BC13462544139B450E
:104AE0004229B14830942249111103BD144625448E
:104AF000139B454229B148301293A4C922A101BE9B
:104B000013462544210BA584622249309422491181
:104B10001103BF0F462544158D03A3C1D4A0304215
:104B200001C011C625442396A3C8425982C24350EE
:104B30006300C111C625442792A3C9425982C243CA
:104B4000506300C212C62544250BC55164A12C41F7
:104B5000E121A83100C311C625442352479185B2F3
:104B6000048587A0C600C411C6254413CA8E220B33
:104B700065090A0F418D01C512C62544250BC5E400
:104B80003059284B5078086A0CC6154725445549BA
:104B90000BC542B14328168A8562A1588800C70F09
:104BA00086A5434309AAE6288C10633200C80EC6C6
:104BB0002544239683AFA995685603C90EC625449C
:104BC0002792A35C532BD1AC06CA0FC62544250BF4
:104BD000C5C1D7D44A34AB01CB0EC6254413CA0E87
:104BE000BEA656A2590DCC0CC529442395C34AC173
:104BF000FC54CD0CC529442591834BC1FC54CE0DEA
:104C0000C52944234A079682F9A900CF0EC5294435
:104C1000118A84E2C052303F15D015472144434BDE
:104C20000A4682A54830128C0423B1100900D11520
:104C3000C6254423520707673349481212454411D9
:104C4000D96200D20EC625442396C32941FD18A17E
:104C500000D30EC625442792235182FA314201D453
:104C60000FC62544250BC5E194A07E8C5000D50EBF
:104C7000C625442352875382FA314201D60EC625F7
:104C80004413CA0EA704F5638402D70DA6A44411E9
:104C90008C8462B2502418D81786E5431B99C82229
:104CA000B1514414918424A1592426994401D90D69
:104CB000C6254423968383FA638402DA0EC625440C
:104CC0002792A304F5C7080500DB0EC62544250B73
:104CD000C5C141FD314201DC0EC6254413CA0E0E8A
:104CE000EA8F110A00DD12C72544A78E1895466287
:104CF000A1584A349C1B00DE10662544118D926237
:104D000091A05A84144D05DF13462544338A456229
:104D100091508A281609AA845400E010862544235D
:104D200096C329C168C4A8269904E11086254427A2
:104D300092235182D188514D3209E21186254425B2
:104D40000BC5E19460346254934C02E31086254411
:104D50002352875382D188514D3209E4108625446D
:104D600013CA0EA704A311A39A6412E512A6254440
:104D7000250BC5E4289460346254934C02E6110775
:104D800025445309A58522A75828164AA900E70EED
:104D900046A54343094A738C10633200E810862508
:104DA000442396C32941E1219A18A100E9108625E0
:104DB000442792235182C24334314201EA118625AD
:104DC00044250BC5E194A0F0104D8C5000EB1086EB
:104DD000254413CA0EA704858768628402EC0B85FC
:104DE000294421954385F954ED0B8529442591C328
:104DF00085F954EE0C852944234A870AF3A900EF6C
:104E00000D852944118A84E250613E15F0118625F2
:104E100044238AC922A1583462D4314201F10E865A
:104E20002544235207472632A11E03F20E8625444D
:104E30002396C329413D462800F30E862544279238
:104E40002351827A8C5000F40F862544250BC5E14E
:104E500094A01E231400F50E862544235287538206
:104E60007A8C5000F60E86254413CA0EA704F51856
:104E7000A100F70BE664442587DBE12200F8144625
:104E8000E5431BA1C44611514412928466114A1491
:104E900000F90D86254423968383FA269904FA0D9A
:104EA0008625442792A304F54D3209FB0E8625443E
:104EB000250BC5C1417D934C02FC0D86254413CAC8
:104EC0000E0EEA9B6412FD11C6A5432792A304753A
:104ED0008C8454A2291400FE11A6A54311CD329151
:104EE0000935CE2493681400FF11C6A54313CA0EDA
:104EF0000EEA1809A9445328000000000C23F0070B
:104F00001125DA0545FFFF20A0104625444389A658
:104F1000546291202D1A2520A11446254417899802
:104F20002292BC484292D048328B0120A2154625DD
:104F300044358A09A591C84414894582A2D0040049
:104F400020A30F482144658AA7D7E251633C0A2079
:104F5000A410472544370B076D415B385A110620D2
:104F6000A5164725441DA6484212914414128524D3
:104F7000A24968120A20A617472544130BC542A26E
:104F8000C825CB25240A8962A158040020A7174709
:104F900025442189456411CB48224A490A8942A205
:104FA00090680220A819472544310CC542919168A8
:104FB000128A24454291504814124D0020A91647E8
:104FC0002544130BC542B1C825CB4549228A8562C9
:104FD000110020AA15072144419245242992144921
:104FE0008A24451293500020AB19A7A5431BA48621
:104FF00026699260241809468291986812875800A1
:1050000020AC12462544270B4582A560291A0EC5FF
:10501000240020AD14472144138CC4426991A0F0B0
:1050200092188A25050320AE0F472544710B874748
:10503000E3D1381B0020AF1987A543310CC542B11D
:10504000502C140B4D42129144349984930020B09B
:105050001786A543338A4562915828121445524455
:10506000119930130020B114882144530B460E913E
:1050700060E41009866AF19C0120B21CC6A54315A4
:105080000D52922421492C128B4426214948129119
:105090004C42D1180020B318482144270D0543A1E4
:1050A000432418394482A16028180A460020B4130A
:1050B000482144450BC6530E21E121120FC648007A
:1050C00020B51BC6A543150D52922421492C128BE5
:1050D000C422B14848128AD0A2310020B618472510
:1050E000449318094662A64830128C0423C148280C
:1050F00012920020B71887A143450A4682A1B83C06
:10510000140949522429974C91240020B80B0721F7
:105110004471BF85730320B91888F1837188C92150
:10512000A143341CA3C62171481C1287840020BAF5
:1051300013672144154E092A4612D524B150DA08C6
:105140000020BB14472144138D046D29C1489649A2
:105150002C1C8B8D0020BC10E52444158C4D522452
:10516000114944920020BD11462544438A4562916D
:105170009829588A260220BE12872144158955B2E3
:1051800048522429E2EC890720BF1CC7A143150916
:105190004642A660241809464AC14830128C046F62
:1051A00091602404210317C72144138D0423D138AF
:1051B00029180946C2394682210A00210912C7214D
:1051C00044138D0423D1B0259C5C0AE70A212611E3
:1051D0004725445389EA1A89A50423A1C9002190CF
:1051E0000CA7A444158D5EE2410021910DC5A94391
:1051F000159B640AE63F0121920BA7A044198F5C1E
:10520000930021930EC5294415CC7F8AA4CC42007B
:1052100021940FA8A04495168C1C22C15828042163
:105220009510852944159B640AE62992320B0121C9
:10523000960DC6E44441124662A1700221970EC643
:10524000E4444594454229C1280021980DC6E44410
:10525000114E8A4582220221990EC6A4441B8C84D9
:105260005262421200219A12272544190E4662A169
:10527000D025148C849300219B11272144154E09BD
:105280008622A7B448301C04219C12AEE884310762
:10529000CA4791682C188B06E700219D12AEE08466
:1052A0000F1CCD25B168441A8BC38600219E0FA820
:1052B000A04495168A1D22A1682804219F10C5A923
:1052C00043159B648A4D3205F3130021A00FA8A05B
:1052D00044951A8A1C62A158280421A111E5E943CA
:1052E00015CC9F2229B3502465160221A20CA7A435
:1052F00044158BC422B51C21A30EA7A04411CB5684
:10530000894562210021A40CA6A4449512BBC44285
:105310000921A50D852944159B640AE6A70221A64B
:105320000EA6A444114A8BDC22A1100021A70E85F1
:105330002944510AE6A748CA2C0421A8108529440B
:10534000159B640AE6144999850A21A90DC7A4444E
:105350001B4B099EE2410021AA0EC7A444138D8570
:1053600082216B120021AB0FC7A4441B8B648A9C63
:105370001223210021AC10C7A444138D24454221DF
:10538000535A240421AD10A8A04495169144469385
:10539000602C140221AE15282144198F4664A148BF
:1053A000E41009456211713C0621AF1386254411B2
:1053B000CD9422928452D32249C3100021B00C25EF
:1053C000A543158B91B2047321B10E25A943150D88
:1053D000952249C18C0021B20E85A544999F22498E
:1053E000A568080021B30E85A94411CC2FA1245A29
:1053F000120021B40DA82044618F4612C72100215C
:10540000B50E85A544999F22499668080021B60FDC
:10541000A8E044470B4A9222B350140021B70FA8CA
:10542000E044430B865222B271080021B80E06E513
:105430004461260923B150380121B914662544116D
:1054400089090FC1481C1A091E82B2480021BA0FEF
:10545000C664441321494211A130420121BB0FC649
:1054600064443109A98484C208050021D00BA6A494
:1054700044153497620021D11A852944158B445470
:105480009222A14828128A8422A14828128A440024
:1054900021D20BA6A444172A1B430021D319852926
:1054A00044931409454291502414094542915024D3
:1054B000A292160221D40EA8A044956609476CA1B9
:1054C000100021D518852944158B44549222A148F7
:1054D00028128A84221195B4100021D610C6E44403
:1054E000418AC424A1486224180121D70FC6E4448C
:1054F000458B8422921449300821D80FC6E4441306
:105500008C0423491159244421D90FC6E44499221B
:105510004991842231120021E60FE8604417964633
:10552000CC9148491E0421E719872544178DC452A0
:105530009622C14830128C0423C14830121C01212C
:10554000E80FE86044191755922D51710C0021E9BC
:105550001A872544358C0423C14830128C0423C19A
:1055600048683289A544630023E9152B2984110D6D
:10557000AA2DB1540E22CA6C249445830023EA1646
:105580002B2984198D0945B309E920A99048B399BD
:1055900050180D23EB1269ED83199FD62E07393869
:1055A0003EAD5D0E0223EC1369ED837190DCAAF32E
:1055B00038F820B955E7410023ED132D2584118DCE
:1055C0000E85B459896469625B544D23EE162D250E
:1055D00084118D0A85B3198954A99848B519513891
:1055E0004D23EF172A2D84110D0D43B45029640962
:1055F0009542B4D030240D0523F020CBE9831B164F
:10560000852492CA241A494B090685416150161512
:105610008523F15834785B0123F11EAB29842907D7
:10562000C921155174124B0906854161500E9283B0
:1056300022F158345A0323F2196B2984574D8B47B2
:1056400042615954189483E4A0483C168DD6002337
:10565000F322ADE5837130C583F16028128A4A22B6
:1056600072891C14898324F2685AA2244518C9E956
:105670006023F41066F1831B948D28074A893694C1
:105680000623F51166F1831115CE48950385341371
:10569000460123F60ECBA8841B07CDABB783E440AD
:1056A00023F70FCBA88471A01C64D7FA1C14052320
:1056B000F80A66358421E27F1223F90A4A2D84F123
:1056C000FF0F0223FA104A2D84653B440EFF8172BE
:1056D00088990025800908A145F17F08258108489F
:1056E000A043F12025820988A043F1030125830905
:1056F000C8A043F10F0625840908A143F17F0825BE
:10570000850A48A143F1FF610025860A88A143F17B
:10571000FF8702258709C8A143F1FF3F25880A08B2
:10572000A243F1FFFF2025890907A243F1FF3F258E
:105730008A0A06A243F1FF8702258B0A05A243F1DC
:10574000FF6100258C0904A243F17F08258D090320
:10575000A243F10F06258E0902A243F10301258F12
:105760000801A243F12025900904B243F17F0825E6
:10577000911C07A243110BC664C1982C18930563B2
:10578000B2604C168CC9823159301625922608A277
:105790004311C9144991648AA4483245522499227C
:1057A00029924C911449A6488A245324459229925F
:1057B0000125932308A243319944269549645299BF
:1057C0004426954964529944269549645299442641
:1057D00095496422259408482047F1202595080121
:1057E000BE43F12025960904A143F1030125970941
:1057F00004B143F1030125980904A145F1030125F2
:10580000990D08A24341E48F87FF2100259A0C08D7
:10581000A24341E4EF10227F259B0C08A243F17FB5
:1058200028F24700259C0B08A243F17F08F20F25C0
:105830009D0904B145F10301259E0C08A243C91F2F
:105840000F41FE08259F0C08A243C91F0FFF43010B
:1058500025A008E72444F11F25A10BE764447188C3
:10586000EA7A0825A20CE764445389EA1AA90025BC
:10587000A310E7644471884A26928964223D042576
:10588000A40EE7644471881EA407E9210025A5132E
:10589000E764447188A448522429921449CA21001B
:1058A00025A611E764447188A41C24290749CA214C
:1058B0000025A712E7644471888446A15144121A56
:1058C000850E0125A812E7644471104544214988DA
:1058D0001411850E0125A912E764447188A44C2295
:1058E0009394496492720825AA0884A844F120255B
:1058F000AB0984284551121525AC08872445F103CE
:1059000025AD0B87244571884A0F0125AE08E4A810
:1059100044F10325AF0AE4A84451D2A90025B009F7
:1059200068204565710225B10B6820456509464C24
:105930000025B20CC6E44425949128870225B30CB7
:10594000C6E444259485B2040F25B40966E44425D1
:10595000A31825B50A66E444250B450C25B60DC6EB
:10596000A44421241D0E22210025B70EC6A44421E3
:105970008C88622B22210025B80A84E844213A8CC5
:105980000025B90B84E844218A4C480025BA0CA6AE
:10599000A44421241D46420025BB0EA6A444218C0C
:1059A00088621391100025BC0DC6E44471A890686C
:1059B00042110025BD0DC6E444718C84B209450036
:1059C00025BE0A66E44461A1890025BF0B66E44454
:1059D0006109C5440025C00CC6A444293A1C4444AE
:1059E0000125C10EC6A4442992CC66214950002548
:1059F000C20984E84475180925C30A84E844459916
:105A0000840425C40BA6A444293A8C880225C50D1C
:105A1000A6A4442992CC4292A00025C60EE7A44435
:105A2000179D552EB5690C0025C710E7A444178DA6
:105A3000C452A291584A340625C811E7A444178DD0
:105A4000C4225926B945A2310025C911E7A444351D
:105A50004B8988241391242D360225CA12466544A9
:105A6000259485B20485915036A1080025CB0FE717
:105A7000A444354B89AA4662B1110025CC10E7A495
:105A800044158983A2F1681C14090125CD11E7A4EE
:105A900044359348B248522459D4460025CE11E7E4
:105AA000A444354B09852429A294586C0425CF0DB4
:105AB000E7A44435AB1C5E6A230025D00FE7A4445D
:105AC000351345666C11516C0425D10FE7A444359C
:105AD0000B49626C93906C0425D20FE7A444354BBC
:105AE000894A0F91DA080025D30FE7A44435AB1C8F
:105AF000A2D2482C360225D40FE7A444358B4C4261
:105B0000AD91586C0425D50FE7A444350B4962B418
:105B1000C3A4360225D60CE4A44425391C22230153
:105B200025D70DE4B044219A1C0E11110025D80F81
:105B300008A243F11F444562E9F00F0225D9140879
:105B4000A243F10FA18A644291502692D2E10F0143
:105B500025DA0D08A145F10FA18A64420925DB0E63
:105B600008A14311A14C24A5C31F0225DC0B8464AA
:105B7000452509C5620025DD09847045214C0B25AA
:105B8000DE0A84B0449714110125DF0A84A444116D
:105B90000B060525E00B876445354B894A0325E153
:105BA0000D87A44411954662B1110025E20F08A2A9
:105BB000439F597591ADC9E5E11025E31408A2434F
:105BC000114F178BA75322B15633992E0F0125E49D
:105BD0001508A243F110B9984CB51A91389D8AC5A1
:105BE000F1740025E50F08A24371883CB935B22E47
:105BF000AB6725E60CA5A4443389A945260025E713
:105C00000AC6E4447110713A25E80AC6E44471E218
:105C1000741025E90CC6E44471989066C20325EA25
:105C20000CC6E44471948D28870125EB10C7E44429
:105C300071088544215148143A0425EC10E7A44426
:105C4000178D0423B1A448D6430025ED0EC6A44405
:105C50002594494292C8E80025EE0FE6A444259415
:105C60004544114988741025EF21ADE9833B87C86D
:105C7000A4F1581C940E8AC48172A01C188983D286
:105C800041B1785426874C0125F00CC62444710993
:105C90009184C20325F10CC6244471149224A103FB
:105CA00025F20BC62444715422450E25F30CC6245C
:105CB00044718A8888C20325F413082144458B84E3
:105CC00022A1584D2C8E0463240025F5120821448E
:105CD000450B46C2E29A2816498A910025F6120819
:105CE0002144450B46C26AB550241489910025F71A
:105CF00012082144450B45D242B2B238128C9100B1
:105D000025F81B08A2437110AB46A2916028188A9F
:105D1000E5140C0523D148542C8E0325F91B08A249
:105D20004371108B23D14834140C0563398682A14A
:105D300068241A09AB0725FA1C08A24311178B2304
:105D4000D14834140C0563398682A168241A098B62
:105D50000F0225FB09C6E44371D47825FC09C6244B
:105D600044F1870025FD0984284451121525FE09B8
:105D7000A56444F1810025FF1A08A2431F568D44F3
:105D800023C1503014CB29180A46A291A8587C1080
:105D90002600148725449794128BC366A5DA1C96B7
:105DA000124A8B0126010D88A045159E480E110B45
:105DB0000026020D07A54435ABDCC259830026033B
:105DC0003310A283118B90E2203A2472884583A17C
:105DD000B44828128E8443D14828120D8544917806
:105DE0003025660785E3C158904C4C8B87E3202B08
:105DF00000260418672544130BC54269A1582418CE
:105E0000094543C2502C14140226051ECEE5831DFD
:105E100007C7A173E01C563D5C0EC483F80EA9436E
:105E2000CE14AA621C1402260624CDE5831D87C663
:105E30008191382C1207C582544A1C148B47D363B6
:105E4000F1506A44252895C541110026070C2529E3
:105E50004419CB3525261A26081006254471944589
:105E60004229B15044361A260911082144450B46EF
:105E7000C2229D23C1180900260A11C8A044270D7B
:105E8000054331912429921801260B12C8A044130E
:105E90008C244522225928188ACA00260C0EC5A433
:105EA00044190B895242211100260D13272544293C
:105EB0000CC542416150188A85824200260E0EC7E9
:105EC00064445391C92159640701260F10E76444C3
:105ED00053894A26914A28243D0426101B8B298485
:105EE00071A883E42039480E9283E42039480E9249
:105EF00083E4A0430126111D8B298471A883E4202B
:105F000039252891C44492904C12114AA612B11C12
:105F1000742826121A8C298471B0C3E43089502267
:105F2000D24613AAD1445A841239EC602613134581
:105F300029441193459222B1602C128AA4C90226E9
:105F4000141387A5441991C421A1686856B985B373
:105F5000060126151EAC29849531941A4A0EA58691
:105F60001243E968A7C86122B144E490887C7404B4
:105F700026161DAB29841B0745E2B1685A3C12075F
:105F8000C94172901C2407C94172D0A10026171183
:105F9000AB29841B07CDABB783E4F0FF8100261843
:105FA00022ADE5831B8983EA90AA6824218528070E
:105FB0000A294491C5C471681C1A07C68171100072
:105FC00026191F8D25840F0D8FD22A6996A44BE4C4
:105FD00020111D22B353D0142D8567716004002653
:105FE0001A0B87A444612BD52600261B0B87A444DB
:105FF0007320D56600261C0C87A444614B12C5266D
:1060000000261D0DE4A84497521189221200261E75
:106010000C87A444730B85643300261F0DE42844C9
:1060200023098926915902265414672544179DC6D1
:1060300026948928244AC972881E022655144725A9
:1060400044178E85523245B24C722AC5421500263D
:10605000561327254411493948A591582816894ACD
:106060000F01265714472544178DC49262A1582862
:1060700096129A500F012658126625441BA2C4841A
:10608000C2C8249412130A0F26590E062544250B64
:10609000659385B2040F265A12672544179DC626BC
:1060A000948928244AC97278265B11472544178EA3
:1060B00085523245B24C72EA02265C0F2725441104
:1060C00049393C444A95C303265D11472544179D31
:1060D0004944B19044541B1D1E265E0F6625441B87
:1060E000A2480E9712E5F020265F0E0625442523D0
:1060F000D16424CAA10026600F472544178ECE2AFA
:106100008797627404266111272544A3120A495512
:1061100023B194683806266213452944158C4542FC
:106120009134592429120B860026631147254435E2
:106130005C8D1D0E92882C1C1D0126641147254480
:10614000178E46622951D548313A0226650E272519
:1061500044A372F8529B86630026661045294415B5
:106160008C8D2687C968160C012667134725443590
:106170008C04A7B1096525220B47470026800E290C
:106180006D8471986B8BC9D50F03268110296D849E
:106190007198AB44E5D2885C7E18268212296D8402
:1061A00071984BA272594C2E8DC80F03268311296A
:1061B0006D8471984B6211B99658447E18268414E8
:1061C000296D8471984B6211B92C2697C422F2C3B1
:1061D00000268515296D8471984B6211B92416919A
:1061E0004B6211F9610027131C4DE5830F8D03E30A
:1061F000C0501C128B4793837148280E8AC481714A
:10620000100027141C6FE1830F8E832771D0643E2A
:106210001A0F5767F3C91C6287D1A17210002715A6
:10622000176B6984138F4C27B395697D5E9DCC569F
:10623000A69378040027161CEFE183178FAEB57C78
:10624000B01DA807F983F4403B585E6AB5E9341ED7
:106250000327171FAC25842187A8CA6453891C32E1
:1062600007CD21EA22A950552497C82192380C0065
:1062700027181FCCE5832187544732DA645C87CC2A
:106280002175C97434148EA613791D128AC3002790
:106290004F1D8C6D847118C521A138840EA143E86F
:1062A000103A840EA1430E87D061741827501C8CBD
:1062B0006D8475181D1EE4103A840EA143E8103A4F
:1062C000840EA1434287110027511D8C6D847118E3
:1062D000C5219238840EA143E8103A840EA1430EE2
:1062E00087C881741827521C8C6D8475981C1EE613
:1062F000103A840EA143E8103A840EA1432487117A
:106300000000005F0002020303030404050700FF0E
:1063100006FF0600010A02160307200500BD012141
:1063200006B1B1192922075BB7495600230A2DB1DE
:10633000AB86AA86AA0024092DB15BF54E6901251A
:106340000834B1C9B1770026092CB18B2956310523
:10635000270599B719280772B153CD00290872B1E2
:1063600089A952002A076BB149D56A2B0A2DB1CDF4
:10637000280E9951042C075BAF5325002D060CB550
:1063800019012E0652B119012F0724B38F6D003069
:106390000873B1AB5C1500310773B14BB2353209EC
:1063A00034B15331C77204330A34B11939692493B3
:1063B00002340A34B18DAA1A312700350A34B119D2
:1063C0007A23991400360A34B15379459914003769
:1063D0000A34B11939E6982300380A34B15331A987
:1063E000289302390A34B15351A69D14003A076A22
:1063F000B11971043B0833AFB3912A013C076BB16B
:106400004D75013D081CB319198D003E076BB1C9CC
:1064100055093F0973B16BA60C1300400934B15301
:1064200051DD4801410934B153518E2903420A34E8
:10643000B15971A4284702430934B1535197490116
:10644000440934B159D1391200450934B1197AE5FA
:106450003C02460834B1197AE51A470934B1535160
:10646000A79906480834B189724C33490773B1596A
:10647000B1354A0834B16FCBA4004B0A34B1892A34
:106480004999CA004C0734B1C9DD234D0934B1899B
:10649000E38866004E0834B1896BA9334F0934B1E3
:1064A00053D1991400500A34B159518E943300518C
:1064B0000A3CAF53D15C49A300520934B159518E03
:1064C000D40C530A34B1533165542605540773B1C3
:1064D00059B10B550834B1899E4901560934B18927
:1064E000CE241500570934B189E6386200580A34C1
:1064F000B1893249156500590873B1495659015A95
:106500000934B11939B647005B0773B119B1395C69
:106510000924B3C928A38C025D0773B199CD115E1C
:106520000553B96B5F060CB11901600652B98901B8
:10653000610824B11B51A902620A34B1C9794539F5
:106540001200630623B19B59640834B1AF469469C5
:10655000650824B153696405660934B1ADCA99234D
:106560000067092CAF1B31A98C06680834B1C979C2
:106570004533690873B1CB4856036A097BAFCDB088
:106580005415006B0934B1C95592A90C6C0773B14D
:10659000915D036D0824B1496948196E0724B1590A
:1065A000D10C6F0824B15351260570092CAF5951F5
:1065B0008E940171082CAF1B51A61D720824B1598D
:1065C000516700730824B11B1A0D05740934B1CB4F
:1065D00071E68C04750724B189661A760763B149A0
:1065E0005605770724B189721C780824B18949AA15
:1065F0001879092CAF89329525007A0824B119B190
:106600001C017B0873B14D49D6017C05B1B1397DC0
:106610000973B1C951C514017E0714B94B2A010091
:10662000000004FFFF0000E000030205050405066A
:10663000101000FE0AFE0BFF019B03330E9B200689
:1066400000A04701210841314471480422088528EF
:106650004691B905230F462544D5D3302451CB307C
:10666000443D012412472544170E4A1449E13C4693
:1066700052651033002514472544A34949298994BC
:10668000344E1329899292A6002612472544B595C7
:10669000B24A282691968849264D0127078130461F
:1066A0003104280C83ED43954449D45B9405290DAE
:1066B00083E943914559D44B9444002A0DE764443F
:1066C00057AAB46D49532D032B0CE7644417D786A2
:1066D000218B6B002C0982AC43A1240A002D0724D6
:1066E000284531042E07422C4431042F0C46254402
:1066F0005BAC8669584D013012462544A54549A832
:106700004D89126D6212651200310B45294495497D
:1067100049D8A741320F4625443324A198665A58D8
:106720004D870133104625443324A19846732A8AA5
:10673000C990003410462544196A4954C9922C194D
:10674000C6B402350F4625447148AB839CA662321D
:106750002400360F4625443585693A28A163322442
:1067600000370B462544712DA6C5B40938104625BF
:10677000443324A1311992D031191200390E462523
:10678000443324A13119D4C668023A09E26C443179
:10679000C443003B0A22ED4331C44AA2003C092510
:1067A00029449975ED003D09A6A44471270E033EC6
:1067B000092525449176EB083F0F4625443324A153
:1067C0009886D51C4C23004012462544356552A2BC
:1067D000244BA4444A242DF110410E462544A545DE
:1067E0002DA1380CA26300420E4625443128A17128
:1067F0005842C76101430E4625443324A1B5A398EE
:106800000C0900440E46254431445912FA2D192230
:1068100000450D4625447148AB8392B60E03460CE5
:106820004625447148AB83927605470E462544338E
:1068300024A1B53484366509480B462544113A0E27
:1068400083E831490B4529443148613F0D024A0E26
:106850004725443588714F5994651B004B114625D7
:1068600044116A4954C94431C9A25A12064C094616
:10687000254491F6D7614D0D462544118AD3102D3C
:106880001E1D034E10462544116E9B1229919448FB
:1068900089760C4F0C4625443324A13F26430250F1
:1068A0000D4625443128A17158D2AE00511667E536
:1068B000433344611226611226611226899248D21E
:1068C000900B52104625443128A17158A25A9225A6
:1068D000A118530D4625443324A1D9514C860454A4
:1068E0000A47254471C8E2FE06550B46254411FAB5
:1068F000C76448005611472544915A932CCAA2AC4C
:106900001226699C01570D462544117A71998668B3
:106910001403580F462544118A49D4266A514B283E
:1069200006590E47254491AA4916659534EE065A34
:106930000B462544712DF69A0E035B0A83F1433111
:1069400044FDD3005C0C46254491C6D5388DAB017F
:106950005D0A83E54331F54F43005E09666446A551
:106960004549185F0727E4437108600763A846910B
:1069700015610E0625443324619A0CA34D59026219
:106980000E66254491B62C9AE8B8290B00630D06D3
:1069900025443324A1DA31191200640C662544DB46
:1069A000B268A3376509650F0625443324A1380C66
:1069B0006A31191200660C6525442785A5410A7BBA
:1069C00002671366A5439B2C5A922559B4A543121E
:1069D0008AC99000680C66254491B62C9AE8630039
:1069E000690B65294415E688D8A7416A0CA5A5431B
:1069F0005947C43E4A91046B1166254491B625510E
:106A00002513932CAA2561006C0A65294423F64FAF
:106A100083006D12072544B1285124455224455264
:106A2000244552016E0B062544912C9AE863006FB1
:106A30000C0625443324A18FC99000700E46A5434F
:106A4000912C9AE8B8294B9A02710C46A543B36879
:106A5000A33765490B720B062544912C9AA876053D
:106A6000730D0625443324A1EC980C0900740B45E2
:106A7000254415960629EC2A750A06254411FA4D77
:106A80005902760C062544111A93A8375102771142
:106A9000072544914A9114499114499154B10078C1
:106AA0000F062544118A4994895A94846200790E0C
:106AB00046A543117A4C224B5A1912007A0A062530
:106AC00044710D7B1D067B0EA4A943A564611615B8
:106AD0006B51160A7C07C1B143F1417D0FA4A94354
:106AE00021665116966A619648007E0A672446A37D
:106AF0004991A6007F2310A28391F43B49E7A49318
:106B00000E493625611A2543924D49984E4332EC81
:106B10009C744E3A29E907802410A28391F43B49E2
:106B2000E7A493366999922889A243120D6194448F
:106B3000C52859744E3A279D94F403812510A283E9
:106B400091F43B49E7A4934AD232255112454312AE
:106B500025A7244AD22892329D93CE492725FD00AD
:106B6000822210A28391F43B49E7A4934ED11025D1
:106B70005112450F439484513485D1CE49E7A493F3
:106B8000927E832410A28391F43B49E7A4932A5375
:106B90003428A524AA28D330444994442D53B473EF
:106BA000D239E9A4A41F842510A28391F43B49E7BC
:106BB000A4939628999448298551A244891255A2F4
:106BC0006C899249E7A473D249493F852510A28375
:106BD00091F43B49E7A4932A43920D49314D942106
:106BE000C9A6244CA36448869D93CE492725FD0061
:106BF000861F10A28391F43B49E7A4D3A649194B01
:106C00009969D8C2248A4ED1CE49E7A493927E874F
:106C10002310A28391F43B49E7A493866852C6529D
:106C20003444D230E449140DC914ED9C744E3A2911
:106C3000E907882010A28391F43B49E7A4932AD363
:106C400032350F51264DD52C2A4D3A279D934E4A69
:106C5000FA01892110A28391F43B49E7A4D3A2E46D
:106C6000A244C57088C244898AA5929D93CE4927C3
:106C700025FD008A2110A28391F43B49E7A493B239
:106C80006452B6A89A4559A4D4C2348CEC9C744E74
:106C90003A29E9078B2210A28391F43B49E7A49398
:106CA000A6709992308AA6301AC2527148169D93E6
:106CB000CE492725FD008C2210A28391F43B49E7A1
:106CC000A493A6301AA2248CA2298C86B0541C222C
:106CD00045E7A473D249493F8D1F10A28391F43B2D
:106CE00049E7A453B7508BEAD0166A4996438D3AC8
:106CF000279D934E4AFA018E1D10A28391F43B49C1
:106D0000E7A4D3A6E598672E5A98A4D361E7A473A5
:106D1000D249493F8F1C10A28391F43B49E7A4D389
:106D2000A6E598672E5A587AD139E99C7452D20F49
:106D3000902110A28391F43B49E7A493B6699892FD
:106D4000308D925499923CDA9645E7A473D2494922
:106D50003F912110A28391F43B49E7A493A65A32B4
:106D60002551A44DB5648CB2AA36E89C744E3A29DC
:106D7000E907922110A28391F43B49E7A493A6CAA4
:106D80002989C2682A296394A4A934EC9C744E3AD8
:106D900029E907932010A28391F43B49E7A4D396F5
:106DA0006959A35CCB242D4AB32D9A744E3A279D82
:106DB00094F403942010A28391F43B49E7A4D3A652
:106DC000251AC252311C86B0944D4BB473D239E9A6
:106DD000A4A41F952110A28391F43B49E7A4D32AD0
:106DE00059A458B234E949C9126B966491CE49E767
:106DF000A493927E962110A28391F43B49E7A4D3F9
:106E0000964D19A324CAA4C39684513485D1CE4982
:106E1000E7A493927E972410A28391F43B49E7A4C0
:106E200093866453C62889A2219986212C45431252
:106E3000463B279D934E4AFA01982110A28391F474
:106E40003B49E7A4D3266D18A324964A8A96446149
:106E5000B4498BCE49E7A493927E992310A28391E3
:106E6000F43B49E7A4D3A44919B2302B254A36256F
:106E7000519245DAA4EC9C744E3A29E9079A1F1006
:106E8000A28391F43B49E7A4D3A6E598A6521A69D8
:106E9000491A6ECBA273D239E9A4A41F9B1E10A27B
:106EA0008391F43B49E7A4D3A6E59886A916ED5152
:106EB000BA4C8BCE49E7A493927E9C1F10A283917B
:106EC000F43B49E7A453974192E21C124335CB911E
:106ED00031D439E99C7452D20F9D2110A28391F4D0
:106EE0003B49E7A4D3B4699892308D22299BC224F0
:106EF00096B641E7A473D249493F9E2010A28391E0
:106F0000F43B49E7A413A72C922AE62929496116E4
:106F10008759A473D239E9A4A41F9F2310A2839197
:106F2000F43B49E7A4D3A46D989228498764CAA684
:106F3000244CA3241D744E3A279D94F403A006000C
:106F4000A04701A109413144A10C4300A2124725E9
:106F5000441787831245521665516510E30CA30E42
:106F6000472544B7C5C5418CAB832206A4100665EE
:106F7000441126435409C5248A86240CA5124725AA
:106F80004491265925CD8621CB86218B6B00A609FD
:106F900041314431444300A7124625443324A13CE7
:106FA00024A1980CB1980C0900A80844284711495D
:106FB00001A9174821443564611259A2440995502A
:106FC0008912494AC26C8800AA0CE56845B3268339
:106FD000960CE920AB0D262544D5256A89B2A82D4B
:106FE0006AAC07862444716DAD2310A28391F43BF3
:106FF00049A72D9136845152948628D292A83835CB
:10700000E99C74FA90EA9C7452D20FAE184821445D
:10701000356461924C4A942851A24C4A4989926243
:10702000364400AF0626E44671B00A84A845A3445E
:1070300052A200B10E27654417D786218BEBD830BA
:1070400004B20CE52445B364612465E120B30CE58A
:107050002445B36461B26AC902B40863AC4695942E
:1070600000B51448A1431346611446611446616497
:107070004AA424CE01B61867E543331C92644892B3
:1070800021899630099330099330099304B7074258
:107090002C453104B80743A843B500B90BE5244596
:1070A000954949D83408BA0BE56845B364B6641EFF
:1070B00004BB0F26254411B5456D5112B5444D0052
:1070C000BC12462544936D4954C99230AA281569CB
:1070D0000803BD12462544936D4954C99230C994A2
:1070E0009A964403BE12462544A1459528939430B0
:1070F000AA2815690803BF0F46254495E6601A566D
:107100004331191200C010C6254423EB142D6A091F
:10711000C561101D03C110C6254427E9342D6A0935
:10712000C561101D03C211C62544A54539458B5ABA
:1071300042711844C700C310C6254423D9295AD424
:10714000128AC3203A06C410C6254413B553B4A806
:1071500025148741740CC511C62544A545998E692F
:10716000514B280E83E818C6154725443528B52805
:107170008BB26190B2288BB2288B8600C70F86A590
:10718000433324A1B5A3980C61A601C810C62544B9
:1071900023EBF030A4D541495B8701C910C62544D3
:1071A00027E9946148AB8392B60E03CA10C6254402
:1071B000A545393C0C697550D2D661CB10C6254423
:1071C00013B5C3C3905607256D1D06CC0DC52944C4
:1071D000A3EAD82085FD3408CD0DC52944A5E8F0E3
:1071E0002085FD3408CE0DC5294423D5C1410AFBB5
:1071F0006910CF0FC529441125510E0E52D84F8367
:1072000000D0154721443364A5300907290993307C
:1072100009932C1A2200D113C6254423D9E170DB2F
:10722000944889A4444AB46300D20FC6254423EB92
:10723000F89084FE980C0900D30FC6254427E9A4D2
:107240002109FD31191200D40FC62544A545393E48
:1072500024A13F264302D50FC6254423D9F1210995
:10726000FD31191200D60FC6254413B5E34312FAB7
:1072700063322400D70CA6A444112651A645491810
:10728000D81586E5439B2C5A924D89942891126D0E
:1072900049A62C2900D90DC6254423EB70E81F937D
:1072A0002101DA0DC6254427E994D03F264302DBAD
:1072B0000EC62544A545391CFAC7644800DC0DC636
:1072C000254413B5C3A17F4C8604DD10C725446750
:1072D00027A66A924559258DBB01DE10662544918B
:1072E000A6439425A12D19A2B40ADF1146254433E3
:1072F0006549964415294B424B6401E010862544AC
:1073000023EBF8908469328C366509E110862544B8
:1073100027E9A42109D364186DCA12E21186254415
:10732000A545393E24619A0CA34D5902E3108625E8
:107330004423D9F12109D364186DCA12E4108625BB
:107340004413B5E34312A6C930DA9425E512A62505
:1073500044A545994E1992304D86D1A62C01E613CD
:107360000725443328512D4A8621CAA22CAA0C0A8B
:1073700000E70E46A5433324A1DA3119C24C03E8D5
:107380001186254423EBF89084E230A8C5644800B8
:10739000E91186254427E9A42109C561508BC990CC
:1073A00000EA12862544A545393E24A1380C6A31ED
:1073B000191200EB1186254413B5E343128AC3A0CA
:1073C00016932101EC0B852944A1EAA8D8A741ED29
:1073D0000B852944A5E8B8D8A741EE0C852944239C
:1073E000D551B14F8300EF0D8529441125518E8A67
:1073F0007D1A04F01186254423655A126569328C82
:107400001E932101F10D86254423D9E164D1441F47
:1074100003F20E86254423EBF890843E264302F3C4
:107420000E86254427E9A421097D4C8604F40F86A5
:107430002544A545393E24A18FC99000F50E862527
:107440004423D9F121097D4C8604F60F8625441387
:10745000B5E34312FA980C0900F70BE66444A5E380
:10746000C38E4B00F81346E5439B0C49362552A2C8
:10747000444AB425439202F90C86254423EB70E874
:10748000376509FA0C86254427E994D06FCA12FBA8
:107490000D862544A545391CFA4D5902FC0C86255C
:1074A0004413B5C3A1DF9425FD10C6A54327E99475
:1074B000D0631259D2CA9000FE0FA6A54391B62CF4
:1074C0009AE8B8294B9A02FF10C6A54313B5C3A189
:1074D000C724B2A495210100000004FFFF00005F53
:1074E0000002020303010304050700FE05FE050078
:1074F00000ED01E502C7200440322105692A2B2254
:1075000006D3334905230A6D7AD550D5501500248A
:1075100009F4B5716834740225096D3A31A35CA38E
:107520001826096D7A324325A30A2705D12B022894
:10753000066A6EAA0C29076A2E3125052A065B33D6
:10754000A9032B07DB726925002C05D26D0A2D05D6
:107550004B33032E05492A012F086DFA28772300A3
:1075600030086C762A9A490131066A2EAA0332093C
:107570006C361B2595470033096C361B258D46025A
:1075800034096CB6515523260035096C36436F34E7
:10759000120036096C762AAF98140037086C36232F
:1075A000C73A0238096C762A2615930239096C7697
:1075B0002AA69D14003A05D92A293B05612A493C8F
:1075C000066BB2A92E3D05DB327B3E076B32B92A32
:1075D000013F096C361B258D230040096D7A2BABCA
:1075E00091AA0541086C762ACA310342096C362BF0
:1075F0008E14470243066B72B31644086C362B9AFE
:10760000230145076B32238E3846086B32238E18D0
:107610000147086C7623A7990648086C36518E29D5
:107620000349076B322B56034A086CB63ACBA400C9
:107630004B096C36512599CA004C066B32B1394D55
:10764000096D3A79ADA475004E086C3671A929030D
:107650004F086C762A9A490150096C362BCA913230
:10766000005109F4752A9A49A30052096C362BCAB5
:1076700091620053096C7623238D460254076B32C6
:107680002BB60055086C36D199140056086C36D1CB
:107690006A4600570A6D3A59259554170058096CE7
:1076A00036512615650059096C3651A69D14005AAD
:1076B000076B323395035B066A2EAB125C0A6D3A98
:1076C0001966986186015D066A2EAA1A5E05D37353
:1076D0000D5F054C36236005D22F31610764762398
:1076E000CA3462096C367945391200630663723315
:1076F0000B64086CF669449906650864762A8DACBB
:107700000066086BB229AD98006709747523CAB486
:10771000930268076C367945336905692A696A07F7
:107720007A6D39550A6B096C3639AAB462006C055A
:10773000692A436D09653A23552AA9026E07643602
:107740002B9A016F0864762ACAA400700974352B3D
:10775000CA9172067108747523CAB40B720763323A
:1077600069C5087308647643A3A10074076B726946
:10777000C51C75076436D14C0376076436D18A116F
:107780007709653A29A9CE940078076332A94C0598
:1077900079097435D14C3B29007A07643623962346
:1077A0007B076B72AA8E027C05692A437D086B32C7
:1077B00032A7A4007E07D47749250000000004FF0B
:1077C000FF000000DA59FD5F11241FBECFEFD1E2A8
:1077D000DEBFCDBF00E00CBF2AE0A6E7B7E001C0E6
:1077E0001D92AF36B207E1F717E0A0E0B2E0E2E2A7
:1077F000F5EC00E00BBF02C007900D92A637B10771
:10780000D9F71BE3C3EEDBE300E006C021970109D3
:10781000802FFE010E943760C23ED10780E008073A
:10782000A9F70E94285B0C947F620C9400006623E9
:1078300029F06A3019F0862F90E008958FEF9FEFBE
:107840000895AF92BF92CF92DF92EF92FF920F9383
:10785000CF93DF93EC01DA017901942F9770E1E087
:10786000F0E09F01092E01C0220F0A94EAF7522F7F
:107870006E018AE8C80ED11CF601808140E082309A
:1078800018F4422F813049F15D01F8EFAF22E8ADE5
:10789000F9AD28813981D90150968C918A9D90014A
:1078A0008B9D300D1124620F731FDF01A60FB71FD0
:1078B00001111AC0EA0EFB1E8C91842B85278D9333
:1078C000AE15BF05C9F7DF91CF910F91FF90EF90F3
:1078D000DF90CF90BF90AF90089550E0D5CF440F88
:1078E000550FE114F10479F33C91342B35273C9387
:1078F0009F5F9770E1E0EE1AF1089111F0CF2CAD87
:107900003DADA20FB31FF6018081823028F4813093
:1079100009F051E041E0E5CF51E0E3CF80E0089588
:1079200090E080E00895CF93DF9300D000D000D0A6
:107930001F92CDB7DEB79AE0E7E0F2E0DE011196E4
:1079400001900D929A95E1F7FE0131969E01255F17
:107950003F4F9191981769F0E217F307D1F780E054
:107960002A960FB6F894DEBF0FBECDBFDF91CF9140
:10797000089581E0F5CF80935B0A0895282F9091B8
:10798000950881E0913208F042C080917108811120
:10799000FCCF8091940832E03093710820937008F6
:1079A0002FEF20936F0824E738E030936E08209380
:1079B0006D0810926C0890936B0810926A08909171
:1079C0006A08880F892B80936A0880916908813042
:1079D00029F51092690880916A088093BB00809114
:1079E000BC0083FDF8CF85EC8093BC0080917108CA
:1079F0008230E1F380916F088F3F91F080916F08A2
:107A0000803281F080916F08803371F084E01092B1
:107A100073081092950810927208089585EEE4CFCD
:107A200080E0F5CF82E0F3CF83E0F1CF08950895B1
:107A30009B01DC011896ED91FC9141E067E11994FE
:107A40008A579F4FFC018081082E000C990B0196EC
:107A50000895AF92BF92CF92DF92EF92FF920F9371
:107A60001F93CF93DF936C017B018B01040F151FD4
:107A7000EB015E01AE18BF08C017D10759F069913C
:107A8000D601ED91FC910190F081E02DC601199590
:107A9000892B79F7C501DF91CF911F910F91FF904D
:107AA000EF90DF90CF90BF90AF900895FC01538D81
:107AB000448D252F30E0842F90E0821B930B5417C8
:107AC00010F0CF96089501970895FC01918D828D55
:107AD000981761F0A28DAE0FBF2FB11D5D968C91EE
:107AE000928D9F5F9F73928F90E008958FEF9FEF2D
:107AF0000895FC01918D828D981731F0828DE80FE9
:107B0000F11D858D90E008958FEF9FEF0895FC01A2
:107B1000918D228D892F90E0805C9F4F821B91096F
:107B20008F73992708958EE998E00E94873D21E0A0
:107B3000892B09F420E0822F0895FC01A48DA80F61
:107B4000B92FB11DA35ABF4F2C91848D90E001969F
:107B50008F739927848FA689B7892C93A089B189BF
:107B60008C91837080648C93938D848D981306C060
:107B70000288F389E02D80818F7D80830895EF92C4
:107B8000FF920F931F93CF93DF93EC0181E0888FD7
:107B90009B8D8C8D98131AC0E889F989808185FFA7
:107BA00015C09FB7F894EE89FF896083E889F98949
:107BB00080818370806480839FBF81E090E0DF914B
:107BC000CF911F910F91FF90EF900895F62E0B8D9E
:107BD00010E00F5F1F4F0F731127E02E8C8D8E1159
:107BE0000CC00FB607FCFACFE889F989808185FFC0
:107BF000F5CFCE010E949D3DF1CFEB8DEC0FFD2F17
:107C0000F11DE35AFF4FF0829FB7F8940B8FEA897A
:107C1000FB8980818062CFCFCF93DF93EC01888D89
:107C20008823B9F0AA89BB89E889F9898C9185FDF7
:107C300003C0808186FD0DC00FB607FCF7CF8C9185
:107C400085FFF2CF808185FFEDCFCE010E949D3D63
:107C5000E9CFDF91CF91089580E090E0892B29F062
:107C60000E94933D81110E94000080E090E0892BEA
:107C700049F080E090E0892B29F00E9400008111FA
:107C80000C94000008958250823108F05FC0E82F04
:107C9000F0E08827E15BF14C8F4F0C943760A33EF6
:107CA000A73E613E673E6B3EA63E6F3E753E793E07
:107CB0007F3E833E873E8D3E913EA63E953E9B3E57
:107CC0009F3E809180008F778093800008958091FF
:107CD00080008F7DF9CF80918000877FF5CF8091E4
:107CE000B0008F778093B00008958091B0008F7DB1
:107CF000F9CF809190008F778093900008958091C4
:107D000090008F7DF9CF80919000877FF5CF809193
:107D1000A0008F778093A00008958091A0008F7DB0
:107D2000F9CF8091A000877FF5CF809120018F77D8
:107D3000809320010895809120018F7DF9CF80915B
:107D40002001877FF5CF84B58F7784BD089584B5F2
:107D50008F7DFBCFCF93DF93282F30E0F901EC59D3
:107D6000FA4F8491F901E25DFA4FD491F901E8509C
:107D7000FB4FC491CC23A1F081110E94433EEC2F14
:107D8000F0E0EE0FFF1FE851FB4FA591B491EC918D
:107D9000ED2381E090E009F480E0DF91CF91089538
:107DA00080E090E0FACF1F93CF93DF93282F30E04D
:107DB000F901EC59FA4F8491F901E25DFA4FD4913F
:107DC000F901E850FB4FC491CC23A9F0162F811183
:107DD0000E94433EEC2FF0E0EE0FFF1FE852FB4FF6
:107DE000A591B4918FB7F894EC91111108C0D0957A
:107DF000DE23DC938FBFDF91CF911F910895DE2B9F
:107E0000F8CF0F931F93CF938C01109248081092D4
:107E10004708109273081092950810927108C1E0FB
:107E2000C09370081092690861E083E10E94D33E1C
:107E300061E082E10E94D33E8091B9008C7F809303
:107E4000B90088E48093B80085E48093BC0086E1A3
:107E50009DE3909346088093450887E19DE39093C6
:107E6000440880934308F801C3838081C09372085B
:107E700080939408109273081092950881E00E94F4
:107E8000BE3C91E0811190E0892FCF911F910F911D
:107E90000895CF93DF9390E0FC01E25DFA4F2491C7
:107EA00088509B4FFC0184918823C9F090E0880F93
:107EB000991FFC01E853FB4FA591B491FC01E852D6
:107EC000FB4FC591D49161110DC09FB7F8948C916F
:107ED000209582238C938881282328839FBFDF915C
:107EE000CF910895623051F49FB7F8943C91822F5E
:107EF000809583238C93E8812E2BEFCF8FB7F89456
:107F0000EC912E2B2C938FBFEACF1F93CF93DF934F
:107F1000182FEB0161E00E94493F209739F460E09F
:107F2000812FDF91CF911F910C94D33ECF3FD1058C
:107F300011F461E0F5CFE12FF0E0EC59FA4FE49154
:107F4000E250E23108F0B3C0F0E08827E555F04C8C
:107F50008F4F0C943760BD3FC53FCA3FD43FDE3FD3
:107F60005740E83FF03FF83F02400C4016402540A4
:107F70002F405740394043404D4084B5806884BD10
:107F8000C7BDDF91CF911F91089584B5806284BDF4
:107F9000C8BDF7CF80918000806880938000D09327
:107FA0008900C0938800EDCF80918000806280932B
:107FB0008000D0938B00C0938A00E3CF8091800033
:107FC000886080938000D0938D00C0938C00D9CFBF
:107FD0008091B00080688093B000C093B300D1CF8F
:107FE0008091B00080628093B000C093B400C9CF8C
:107FF00080919000806880939000D0939900C09306
:108000009800BFCF80919000806280939000D093C1
:108010009B00C0939A00B5CF8091900088608093B8
:108020009000D0939D00C0939C00ABCF8091A000A6
:1080300080688093A0008091A0008F7B8093A00037
:10804000D093A900C093A8009CCF8091A00080622B
:108050008093A000D093AB00C093AA0092CF8091F0
:10806000A00088608093A000D093AD00C093AC00C6
:1080700088CF80912001806880932001D0932901CE
:10808000C09328017ECF80912001806280932001DF
:10809000D0932B01C0932A0174CF80912001886076
:1080A00080932001D0932D01C0932C016ACFC0385A
:1080B000D1050CF03ECF33CF8230910538F0880FD8
:1080C000991F880F991F05970197F1F708951F933E
:1080D000CF93DF93C82F162F682F8091640A0E94D8
:1080E000D33E61E08091630A0E94D33E60E08091BC
:1080F000650A0E94D33ED1E0C13009F0DFEFC0E055
:108100001C1709F160E08091630A0E94D33E82E06F
:1081100090E00E945C4061E08091630A0E94D33E3F
:1081200082E090E00E945C408091660A8F3F49F0B7
:108130008D0F90E08436910514F083E690E08093F3
:10814000660ACF5FDDCF61E08091650ADF91CF9154
:108150001F910C94D33E3FB7F8948091F60790910D
:10816000F707A091F807B091F90726B5A89B05C0BD
:108170002F3F19F00196A11DB11D3FBFBA2FA92FA6
:10818000982F8827BC01CD01620F711D811D911DA3
:1081900042E0660F771F881F991F4A95D1F708950F
:1081A0008F929F92AF92BF92CF92DF92EF92FF9207
:1081B0006B017C010E94AB404B015C01C114D104F6
:1081C000E104F104B9F00E94AB40681979098A0909
:1081D0009B09683E73408105910580F321E0C21A36
:1081E000D108E108F10888EE880E83E0981EA11CF2
:1081F000B11CE4CFFF90EF90DF90CF90BF90AF9095
:108200009F908F9008950F931F93CF93DF938C01CE
:10821000C62F642FCC32E8F4CA3208F041C0C8320D
:1082200071F1C93209F442C080E0C034D0F1CF739B
:10823000F801EC0FF11D868D8F3F91F1C031E0F018
:108240000E94AA3E21E0892B09F420E0F801218F49
:1082500027C0CD3289F140F384EB8C0F823020F7B8
:10826000CF73C00FD12FD11D8E8D41112EC061E073
:108270000E94493F60E08E8D0E94D33E11C0025E95
:108280001F4FD0E0F80181918F018F3F31F061E005
:10829000D03108F062E00E94493FDF5FD63191F7AC
:1082A00081E0DF91CF911F910F91089570E090E0F0
:1082B00080E00E94D040F4CF85E090E0433010F0A1
:1082C00082E090E00E945C40EBCF62E00E94493F78
:1082D000E7CF85ED8093BC008091BC0084FDFCCF8E
:1082E0001092710808952091D207260F3327331F6B
:1082F00021323105ECF420917108FC0190E080E01E
:10830000243069F082E00895A091D2072191AC0158
:108310004E54584FA40FB52FB11D2C9301968617BC
:1083200098F38091D207680F6093D20780E0089598
:1083300081E008950895E091480880914708E81782
:1083400030F4F0E0E75BF74F808190E008958FEF25
:108350009FEF089590914808809147082FEF3FEFD5
:10836000981748F4E92FF0E0E75BF74F208130E001
:108370009F5F90934808C9010895809147089091A4
:108380004808891B990B0895CF92DF92EF92FF92D4
:108390000F931F93CF93DF937C01CB018A01209130
:1083A0007208222389F0EB016B01C40ED51ECC1597
:1083B000DD0569F06991D701ED91FC910190F081A3
:1083C000E02DC7011995F3CF642F0E947341C801B6
:1083D000DF91CF911F910F91FF90EF90DF90CF90A1
:1083E0000895CF93DF931F92CDB7DEB769832091B5
:1083F00072082223F9F020919508203258F021E0EC
:1084000030E0FC013383228390E080E00F90DF9125
:10841000CF91089580917308E82FF0E0EC58F74F62
:10842000998190838F5F809373088093950881E092
:1084300090E0ECCF61E0CE0101960E947341F7CF4E
:10844000FC0183858F3F19F061E00C94D33E0895C1
:10845000FC0180819181892B39F0A281B3819C91AB
:1084600011968C919CBD8DBD83858F3F19F060E086
:108470000C94D33E0895AF92BF92CF92DF92EF92C9
:10848000FF920F931F93CF93DF93EC018881998123
:10849000892B89F06EBD0DB407FEFDCFBEB48B2DC8
:1084A000DF91CF911F910F91FF90EF90DF90CF90D0
:1084B000BF90AF9008958885998511E0892B09F0C8
:1084C00010E8AA24A394862F812309F0A12C062F5B
:1084D0002C813D814E815F8160E271EA87E090E00E
:1084E0000E941560F22EB02EE12CC22ED12CFF205E
:1084F00019F0C6010E945C408A85877F09F042C05E
:108500008D858F3F89F0902F912381E009F480E0E1
:108510008A1551F0EF85F8898F89992369F1908147
:10852000892B8083AA24A394E989FA898081998D73
:10853000892B8083FF2019F0C6010E945C408E8544
:108540008F3F39F0EB89FC898081988D892309F070
:10855000E12AE989FA899081898D80958923808330
:108560008E858F3F09F0BE2C88859985892BB9F5BA
:10857000110F1111BCCF93CF9081809589238083F7
:10858000A12CD2CFE989FA898081998D892B8083AA
:10859000FF2019F0C6010E945C408D858F3F49F095
:1085A000EF85F8898F89902F9123A9F09081892BED
:1085B0008083E989FA899081898D809589238083D8
:1085C0008E858F3F69F2EB89FC898081988D8923A4
:1085D00039F2E12AC5CF908180958923E9CF16959C
:1085E000C8CF8F929F92AF92BF92CF92DF92EF92BD
:1085F000FF920F931F93CF93DF937C014B016A018E
:10860000B22EA32E0E942842E401C80CD91CCC151E
:10861000DD0569F4CB2DDA2D0C0F1D1FC017D10716
:1086200059F06FEFC7010E943B428993F7CF6991E0
:10863000C7010E943B42EBCFC7010E94204281E06C
:10864000DF91CF911F910F91FF90EF90DF90CF902E
:10865000BF90AF909F908F9008958F929F92AF920E
:10866000BF92CF92DF92EF92FF920F931F93CF931F
:10867000DF937C01B62EA72E6A0149010E94284291
:10868000E401080D191DC017D10761F4CB2DDA2DB7
:10869000CC0EDD1ECC15DD0551F06991C7010E949D
:1086A0003B42F8CF6991C7010E943B42ECCFC70122
:1086B0000E94204281E0DF91CF911F910F91FF90A6
:1086C000EF90DF90CF90BF90AF909F908F900895E4
:1086D0001F93CF93DF93EA01122FDC0111968D9146
:1086E0009C91DC01ED91FC910280F381E02D1995C4
:1086F000C817D90729F4812F0E94BE3C91E081114F
:1087000090E0892FDF91CF911F910895CF92DF9252
:10871000EF92FF920F931F93CF93DF93CDB7DEB706
:1087200067970FB6F894DEBF0FBECDBF0091670A02
:108730001091680A1A8309831C821B8291E09C872E
:10874000282F30E03A8729871D869B87C62ED12C9B
:10875000F12CE12CCA8ADB8AEC8AFD8A6E878E8B2B
:108760001F8A01151105C1F1F801248135812230DC
:10877000310518F1A181B2818081909372088093B4
:1087800094081092730810929508ED91FC9111973E
:108790000280F381E02D41E050E0BE016A5E7F4F30
:1087A000CD011995019749F421E041E050E0BE0167
:1087B000625F7F4FC8010E94684367960FB6F894C6
:1087C000DEBF0FBECDBFDF91CF911F910F91FF9004
:1087D000EF90DF90CF900895AD81BE81109769F33F
:1087E00018968C911897882341F31696ED91FC9179
:1087F0001797309711F301E010E09E01225F3F4F81
:1088000041E0BE016A5E7F4F19968D919C9119954A
:10881000D4CF0895DC011A96ED91FC9130E020E070
:1088200019949A01DC011696ED91FC91462F67E1AF
:108830001994EF92FF920F931F93CF93DF931F92A0
:10884000CDB7DEB77C018B01D8016C91673129F17E
:1088500050F46531A0F40F90DF91CF911F910F91EB
:10886000FF90EF9008956A3118F16E3FA1F7F8017B
:108870004181498369E2C7010E940A440BC0F801A3
:1088800041814983D7011696ED91FC9130E020E0BB
:10889000C70119950E5F1F4FD7CFF80181818983DA
:1088A000AE014F5F5F4F61E0C7010E941144F2CFFC
:1088B0000F5F1F4FD7011696ED91FC9130E020E03D
:1088C00040E0C7011995C0CF462FDC011696ED9107
:1088D000FC9130E020E065E11994CF92DF92EF92B5
:1088E000FF921F93CF93DF937C01EB016A016A81B2
:1088F00088E0689FB00111246F736064C7010E9413
:108900006444F6016481686BC7010E9464448C81F1
:10891000882371F12A8188E0820F887F821B9B81E6
:10892000692F891708F4682F260F2A83961B9B83CB
:10893000162F110F110F110F48815981612FC70197
:108940000E94114468817981610F711D7983688368
:108950008B8181110AC0F60180819181998388837E
:1089600082818B838C8181508C838A81877079F698
:10897000DF91CF911F91FF90EF90DF90CF900895FE
:10898000EF92FF920F931F93CF93DF9300D01F922C
:108990001F92CDB7DEB78C0179016A3009F45CC053
:1089A00080F4693009F44EC080E00F900F900F9072
:1089B0000F900F90DF91CF911F910F91FF90EF904B
:1089C00008956B3009F4B5C06F3071F7F9018081FB
:1089D00091819A83898383818B8392819C834D8348
:1089E0008830D8F4D8011696ED91FC9130E020E063
:1089F00041E068E1C8011995A701BE016F5F7F4F93
:108A0000C8010E946D44D8011696ED91FC9130E0AA
:108A100020E040E069E1C80119958B818031D0F4F4
:108A2000D8011696ED91FC9130E020E042E068E13B
:108A3000C8011995A701BE016F5F7F4FC8010E9451
:108A40006D446CC08CE292E0D80111969C938E9399
:108A500054961C9281E0A9CFDC011A96ED91FC910D
:108A600030E020E040E068E21995D8011696ED91DB
:108A7000FC9130E020E040E064E1C801199541E05C
:108A80006BE4C8010E940A44D801ED91FC91448135
:108A900069E2C8010E940A4440E06BE4C8010E94F8
:108AA0000A44D801ED91FC91448169E2C8010E9419
:108AB0000A4441E06BE4C8010E940A44D801ED91E8
:108AC000FC91458169E2C8010E940A44D8011696CA
:108AD000ED91FC9130E020E041E068E1C80119959A
:108AE00069E272E0C8010E941944D8011696ED911E
:108AF000FC9130E020E040E069E1C8011995D8011F
:108B00001696ED91FC9130E020E042E068E1C8016A
:108B1000199569E272E0C8010E941944D8011696BD
:108B2000ED91FC9130E020E040E069E1C801199549
:108B300091CFDC011696ED91FC9130E020E04111DF
:108B40001FC041E068E1199566E272E0C8010E9429
:108B50001944D8011696ED91FC9130E020E040E0F8
:108B600069E1C8011995D8011696ED91FC9130E0A4
:108B700020E042E068E1C801199566E272E0CBCFDF
:108B800041E068E1199563E272E0C8010E9419446E
:108B9000D8011696ED91FC9130E020E040E069E1CB
:108BA000C8011995D8011696ED91FC9130E020E0AE
:108BB00042E068E1C801199563E272E0ACCF0F931F
:108BC0001F93CF938C01C62F462F417069E40E94FA
:108BD0000A44C1FB442740F96EE4C8010E940A44DC
:108BE000C2FB442740F96FE4C801CF911F910F9158
:108BF0000C940A44EF92FF921F93CF93DF93EC0102
:108C0000142F7901683109F46CC040F4643109F41F
:108C10005CC0673109F448C080E049C0693109F49B
:108C2000B6C06032C9F76AE458C0D7012D917D0102
:108C300011506AE977E090E080E0422F50E0DB01DC
:108C4000ED91FD91BD0120FF38C09C012655384FA4
:108C5000D9013C912081232B20839A0135952795BA
:108C600001968830910549F790919107E0918F071F
:108C7000F09190078081892B8083E881F981468576
:108C80006CE2CE010E940A4490918E07E0918F071A
:108C9000F0919007808189238083E881F98147855D
:108CA0006CE2CE010E940A441111BFCF81E0DF9136
:108CB000CF911F91FF90EF9008959C012E56384F51
:108CC000D9013C9120812323C7CFE881F9814181DB
:108CD00069E40E940A4440E068E4CE010E940A442C
:108CE000E5CF642F0E94DF45A881B981EA85FB8525
:108CF00030E020E012964C916CE2CE0119958EA1E5
:108D000090E0FC01E850FB4FE491F0E0EE0FFF1F14
:108D1000E852FB4F259134913093900720938F07B1
:108D2000FC01E25DFA4FE491E09391078091910795
:108D3000809580938E076E964AE957E0AAEAB7E0DD
:108D400030E020E0899190E0FC01E850FB4FE49195
:108D5000F0E0EE0FFF1FE852FB4F65917491FA01AE
:108D600061937193AF01FC01E25DFA4FE491ED93E1
:108D7000F901E655F84F80818095F901EE56F84FDC
:108D800080832F5F3F4F28303105E1F68FCFA881D8
:108D9000B981EA85FB8530E020E013964C916CE2C6
:108DA0001995612FCE010E94DF4580CFCF93DF93CD
:108DB0001F92CDB7DEB76983BE016F5F7F4F0E9400
:108DC000183D0F90DF91CF910895462FDC01189642
:108DD000ED91FC9130E020E060E21994EF92FF9277
:108DE0000F931F93CF93DF938C01C62FD42F79015C
:108DF000673130F46531B8F4643131F080E01BC084
:108E0000673101F16A31D0F7D8011896ED91FC91E4
:108E100097014D2F6C2FC801DF91CF911F910F91BA
:108E2000FF90EF90199460E00E94E5466D2FC80115
:108E30000E94D64681E0DF91CF911F910F91FF9064
:108E4000EF90089561E00E94E546DECFFC016623C5
:108E5000D9F16A30C9F1808D811125C06C3F48F08D
:108E600085E0808F617070E0738B628B2EEF3FEF37
:108E700029C0683F20F084E0808F6370F4CF603FAA
:108E800020F083E0808F6770EECF603E20F082E0BC
:108E9000808F6F70E8CF262F30E0603C98F081E043
:108EA000808F6F71E0CF8150808F2289338996E067
:108EB000220F331F9A95E1F76F73262B338B228B8A
:108EC0008111D4CFC90108952FEF3FEFFBCF0F934E
:108ED000FC01E05CFF4F0190F081E02D4E1B5F0B29
:108EE000DC01D496ED91FC9119950F910895CF93E3
:108EF000DF93FC01A081B18182AD90E09C0143E051
:108F0000220F331F4A95E1F737AF26AF50962C91C9
:108F1000509748E0249F9001112435AF24AF23AD32
:108F200030E0B90153E0660F771F5A95E1F7EF0182
:108F3000C05CDF4F7983688351964C915197E9016A
:108F4000C80FD91F50E04C175D0718F4CA01821BE7
:108F5000930BEF01CE5BDF4F79836883229623E08A
:108F6000880F991F2A95E1F7860F971F99838883A9
:108F7000229654968D919C91559799838883E85BAE
:108F8000FF4F56968D919C9191838083DF91CF9175
:108F900008950F931F93FC01E25BFF4F0190F08156
:108FA000E02DDC01A05BBF4F0D90BC91A02D4A17B6
:108FB0005B0740F4E017F10748F00417150730F09D
:108FC00080E019C0E017F107C0F3FACFFC01E65BBF
:108FD000FF4F40815181845B9F4FFC0180819181D3
:108FE0006817790758F481E04217530720F081E0B1
:108FF0002617370728F71F910F9108954217530737
:10900000B0F3DECF2F923F924F925F926F927F929A
:109010008F929F92AF92BF92CF92DF92EF92FF9288
:109020000F931F93CF93DF9300D000D000D01F92F7
:10903000CDB7DEB79A878987865B9F4F9A838983EE
:10904000FC0111821082E985FA85EA5BFF4F4080BE
:10905000518029853A85245B3F4F3C832B83F9015E
:1090600051824082E985FA85EE5BFF4F2080318096
:1090700029853A85225B3F4F3E832D83F90131825A
:109080002082E985FA85EC5BFF4F6080718029853D
:109090003A85205B3F4F38872F83F90171826082C8
:1090A000E985FA85E85AFF4FE080F180E985FA8585
:1090B000EC5AFF4FA080B180E985FA85EA5AFF4F4C
:1090C000C080D180E985FA85EE5AFF4F808091807B
:1090D00087019501A601B40189859A850E94C94737
:1090E00029853A852C573F4F3A87298781111BC024
:1090F000F90110822A960FB6F894DEBF0FBECDBFDD
:10910000DF91CF911F910F91FF90EF90DF90CF9063
:10911000BF90AF909F908F907F906F905F904F9097
:109120003F902F90089581E0E985FA85808381142E
:10913000910421F0E981FA8191828082A414B5041E
:1091400020F4EB81FC81B182A0822C143D0420F438
:10915000ED81FE81D182C082E614F70458F6EF81DA
:10916000F885F182E082C6CF0F93CF93DF93E02F93
:10917000DC01AC57BF4FFC91FF2309F460C02115FF
:10918000310509F45CC02230310538F0023009F0B5
:109190004AC06F5F7F4F621B730B0E2F0170E0FDA3
:1091A00052C0FC01E25BFF4F0190F081E02D4E17B1
:1091B0005F0708F444C0FC01E05BFF4F0190F081C1
:1091C000E02D4E175F07D8F5FC01E45BFF4F0190DF
:1091D000F081E02DDC01A65BBF4F0D90BC91A02D6E
:1091E000260F371F2617370738F56E177F0718F534
:1091F0009F0121503109A217B30708F56A177B07B1
:1092000008F4BD012E173F0708F4F901E61BF70B20
:10921000EC01AEA9BFA914960D90BC91A02D9F01A1
:10922000FD0119950CC0033009F0B7CF4F5F5F4FB8
:10923000421B530BB2CFBD016E177F07E0F2DF91E7
:10924000CF910F910895FC01E65BFF4F0190F081F3
:10925000E02D6E177F0798F3FC01E45BFF4F019050
:10926000F081E02D6E177F0750F7FC01E05BFF4FA8
:109270000190F081E02DDC01A25BBF4F0D90BC910D
:10928000A02D240F351F24173507A8F44E175F07AC
:1092900088F49F0121503109A217B30780F64A17BD
:1092A0005B0708F4AD012E173F0708F4F901E41B32
:1092B000F50BAECFAD014E175F0708F6EDCF0F935C
:1092C0009A0100E0AB01BC0181ED99E00E94B44835
:1092D0000F9108950F939A0101E0AB01BC0181ED5C
:1092E00099E00E94B4480F91089581119AC02FB758
:1092F000F8948091960890919708A0919808B09161
:1093000099082FBF40919A0850919B0860919C0842
:1093100070919D08841B950BA60BB70B843F914061
:10932000A105B105C8F08091000291E089278093E2
:1093300000022FB7F8948091960890919708A09119
:109340009808B09199082FBF80939A0890939B0832
:10935000A0939C08B0939D0880910002882309F493
:1093600064C043E050E070E060E08BE290E00E9477
:109370005F4942E050E061E070E089E290E00E94E5
:109380005F4942E050E061E070E08EE290E00E94D0
:109390005F4942E050E065E070E089E290E00E94C1
:1093A0005F4942E050E065E070E08EE290E00E94AC
:1093B0005F4943E050E066E070E08BE290E00E949D
:1093C0005F4943E050E062E070E088E290E00E9494
:1093D0006A4943E050E062E070E080E390E00E9480
:1093E0006A4943E050E070E060E08CE290E00E9467
:1093F0006A4942E050E063E070E089E290E00E9458
:109400005F4943E050E064E070E08CE290E00E944D
:109410006A4942E050E063E070E08EE290E00C9434
:109420005F4981E08093000297CF08952F923F9289
:109430004F925F926F927F928F929F92AF92BF9264
:10944000CF92DF92EF92FF920F931F93CF93DF9310
:1094500000D01F92CDB7DEB74C015B015C834B831C
:1094600089016B018FEFC81AD80A3901661A770A89
:109470001A01280C391CA601B301C1010E946A49D6
:1094800074019FEFE91AF90A2801481859088B81DD
:109490009C818A0D9B1D9A838983A701B2010E943A
:1094A0006A498B819C81881999094C01A601B301F5
:1094B0000E946A498B819C818A199B099C838B83BA
:1094C000A701B2010E946A49A601B801C1010E9428
:1094D0006A49A701B80189819A810E946A49A60157
:1094E000B801C4010E946A49A701B8018B819C811F
:1094F0000F900F900F900F90DF91CF911F910F91D0
:10950000FF90EF90DF90CF90BF90AF909F908F90A3
:109510007F906F905F904F903F902F900C946A498E
:109520005F926F927F928F929F92AF92BF92CF92F3
:10953000DF92EF92FF920F931F93CF93DF935C0123
:1095400000E410E020E830E050E040E070E060E04F
:1095500081ED99E00E94C947882309F45FC0D0E0FB
:10956000C0E04E018FEF881A980A840120E830E0AD
:10957000AE0170E060E081ED99E00E94C947882368
:1095800009F444C050905B0A7501712C612C80E88D
:10959000C82ED12C11E0F7018491812330E020E026
:1095A000F70181111FC09491912351F080915A0AC3
:1095B000811126C081E0511080E080935B0A17C0C2
:1095C0002F5F3F4FFFEF6F1A7F0A110F21F49FEFBC
:1095D000E91AF90A11E0E1E0CE1AD10809F7882367
:1095E00029F303C09491912359F750925B0AB30178
:1095F000621B730B00E0AE0181ED99E00E94B4485C
:10960000C114D10409F0C7CF50925B0AF0E1AF0E4C
:10961000B11CE401C034D10509F0A3CFDF91CF9193
:109620001F910F91FF90EF90DF90CF90BF90AF9080
:109630009F908F907F906F905F900895AF92BF92B0
:10964000CF92DF92EF92FF920F931F93CF93DF930E
:109650006C01EB015A017B01E20EF31E9C01240F09
:10966000351F8701AB01BC0181ED99E00E94C9471C
:10967000811114C0DF91CF911F910F91FF90EF9056
:10968000DF90CF90BF90AF90089500E09501AE01BC
:10969000B60181ED99E00E94B4482196EC16FD06D2
:1096A000A1F7E8CF0F9320911F0A3091200A62178B
:1096B0007307F0F02091210A3091220A6217730794
:1096C000B8F420911B0A30911C0A8217930780F08E
:1096D00020911D0A30911E0A8217930748F4AB01AE
:1096E000BC0100E021E030E081ED99E00E94B44847
:1096F0000F910895EF92FF920F931F93CF93DF93F3
:1097000023E030E044E050E062E070E084E190E08B
:109710000E941E4B80E00E94BB3C63E070E085E14C
:1097200090E00E94524B63E070E087E190E00E947D
:10973000524B81E00E94BB3C81E00E94BB3C61E057
:1097400070E088E190E00E94524B65E070E088E1B3
:1097500090E00E94524B47E050E070E060E089E109
:1097600090E00E946A49C5E0D0E00BE110E086E09D
:10977000E82EF12C97012C1B3D0B42E050E0BE017E
:10978000C8010E941E4B0E5F1F4F219799F7DF9172
:10979000CF911F910F91FF90EF900895CF92DF929C
:1097A000EF92FF920F931F93CF93DF93C82FD0E0D8
:1097B0007E0185E0E80EF11C6E0188E0C80ED11C28
:1097C000BE016D5F7F4F0FE310E096014AE350E06A
:1097D00081ED99E00E94C94781114BC069E370E0B7
:1097E000C7010E94524B68E370E0C7010E94524BD0
:1097F00067E370E0CE0106960E94524B67E370E08B
:10980000CE0107960E94524B67E370E0C6010E94AA
:10981000524B68E370E0CE0109960E94524B6E01F4
:109820008AE0C80ED11C69E370E0C6010E94524B69
:109830007E018CE0E80EF11C69E370E0C7010E9434
:10984000524B6AE370E0CE010B960E94524B6BE3E1
:1098500070E0C6010E94524B6BE370E0C701DF91DC
:10986000CF911F910F91FF90EF90DF90CF900C94CC
:10987000524B2CE330E0A70162E070E090E080E022
:109880000E94164A2CE330E0A70162E070E081E01C
:1098900090E00E94164A2CE330E0A70161E070E0FE
:1098A00082E090E00E94164A99CF2F923F924F9209
:1098B0005F926F927F928F929F92AF92BF92CF9260
:1098C000DF92EF92FF920F931F93CF93DF937C0170
:1098D0008B016A01E9014901861A970A3A01680E6B
:1098E000791EB401C3010E94524B5E01AE18BF083D
:1098F00028014C0C5D1CB501C2010E94524B16019F
:109900002E183F08B401C1010E94524BC01AD10A5F
:10991000B501C6010E94524B0C0F1D1FB801C301B7
:109920000E94524BCE0DDF1DBE01C2010E94524B60
:10993000B801C1010E94524BBE01C601DF91CF9117
:109940001F910F91FF90EF90DF90CF90BF90AF905D
:109950009F908F907F906F905F904F903F902F904F
:109960000C94524BAF92BF92CF92DF92EF92FF9244
:109970000F931F93CF93DF9323E030E044E050E058
:109980006AE370E087E490E00E941E4B80E00E9452
:10999000BB3C6BE370E088E490E00E94524B6BE3C9
:1099A00070E08AE490E00E94524B81E00E94BB3C50
:1099B00069E370E08BE490E00E94524B6DE370E04D
:1099C0008BE490E00E94524B47E050E068E370E087
:1099D0008CE490E00E946A4900E410E029E530E060
:1099E00047E350E060E570E081ED99E00E94C947EF
:1099F000811117C0C2E5D0E0BE0169517109CE01E5
:109A00000E94524B2196C835D105B1F7DF91CF9115
:109A10001F910F91FF90EF90DF90CF90BF90AF908C
:109A200008952BE330E044E550E064E070E090E01E
:109A300080E00E94554CCC24C394D12CF12CE12C15
:109A400004E010E098EFA92EBB24BA94CDEFDFEF2D
:109A50008FEFE81AF80A82E0C80ED11CCC0DDD1D8C
:109A60002BE330E044E550E0B801C7010E94554CBB
:109A7000E016F10608F0BECFD7FDEACF015011097C
:109A800082E0A80EB11CCA0DDB1DE2CFEF92FF925F
:109A90000F931F93CF93DF93CAE6D0E069E370E0A2
:109AA000CE010E94524B8E010F5F1F4F6AE370E0A0
:109AB000C8010E94524B7E0182E0E80EF11C6BE36C
:109AC00070E0C7010E94524B6CE370E0CE01039638
:109AD0000E94524B6DE370E0C7010E94524B6EE34F
:109AE00070E0C8010E94524B6FE370E0CE010E940B
:109AF000524B2596C937D10589F6DF91CF911F9139
:109B00000F91FF90EF9008958F929F92AF92BF9226
:109B1000CF92DF92EF92FF920F931F93CF93DF9339
:109B20006C017B015A01E9014C01840E951E8B01E9
:109B3000020F131F9401AB01BC0181ED99E00E945B
:109B4000C947882339F100E09501A701B60181EDED
:109B500099E00E94B44822978FEFE81AF80A01E0D2
:109B60009E01A701B60181ED99E00E94B448B401BD
:109B7000615071099E01A70181ED99E00E94B448EE
:109B8000AE014E0D5F1D00E09501B60181ED99E03B
:109B90000E94B448DF91CF911F910F91FF90EF90F9
:109BA000DF90CF90BF90AF909F908F90089529E065
:109BB00030E04AE050E067E370E08CE290E00E9421
:109BC000844D80E00E94BB3C67E370E085E390E059
:109BD0000E94524B67E370E084E390E00E94524B96
:109BE00068E370E085E390E00E94524B81E00E94C0
:109BF000BB3C68E370E084E390E00E94524B24E0B9
:109C000030E045E050E067E370E08EE290E00E94D3
:109C10001E4B22E030E046E050E06DE370E08EE263
:109C200090E00E941E4B80E00E94BB3C22E030E0AE
:109C300041E050E068E370E081E390E00E941E4B59
:109C400021E030E044E050E06EE370E08FE290E02D
:109C50000E941E4B81E00E94BB3C45E050E06FE358
:109C600070E081E390E00C945F49213069F038F0B6
:109C7000223079F0840F911D47FD9A950895860F43
:109C8000911D67FD9A950895841B910947FD939551
:109C90000895861B910967FD93950895213069F019
:109CA00038F0223079F0861B910967FD939508956D
:109CB000840F911D47FD9A950895860F911D67FDAC
:109CC0009A950895841B910947FD939508953F92B5
:109CD0004F925F926F927F928F929F92AF92BF92BC
:109CE000CF92DF92EF92FF920F931F93CF93DF9368
:109CF0007C01162F442EEC01C25ADF4F5E806F802C
:109D00006C018AE8C80ED11C78847518312E711642
:109D100008F4372C8C809D800E85202F462D652DD4
:109D20008A819B810E94354E5C01202F462D652D36
:109D3000C4010E944E4EAC01442079F08C85F6019E
:109D40008083232D30E0B501C7010E94B448171568
:109D500048F017196394512CD7CF8B858111F7CF19
:109D60008D85EDCF150D1E836F82DF91CF911F91F1
:109D70000F91FF90EF90DF90CF90BF90AF909F90AA
:109D80008F907F906F905F904F903F900895DC018F
:109D90001A964C911A97ED91FC911197249130E00D
:109DA000042E02C0359527950A94E2F7842F860F7A
:109DB000883068F031961196FC93EE93E49198E028
:109DC000941B01C0EE0F9A95EAF72E2B88501A9635
:109DD0008C938FEF9FEF01C0880F6A95EAF780950B
:109DE000822308950F931F93CF93DF938C01EC018F
:109DF000C25ADF4F798368831A86FC01EF58FF4F00
:109E00006081CE010E94C74E8887F801EE58FF4F4F
:109E10006081CE010E94C74E8987F801E657FF4F47
:109E200090819C8781E0911180E08D87DF91CF91B7
:109E30001F910F910895CF93C62F0E94C74EC15016
:109E400021E030E001C0220FCA95EAF7821BCF91D2
:109E50000895FC01E60FF11D849190E0982F88276A
:109E60003196E4918E0F911D0895CF93DF93209149
:109E70002B0A30912C0A2817390709F490C0EC01FD
:109E800090932C0A80932B0AFC01849180933E0AC4
:109E90003196E491E0933F0AFE013296E491E0931B
:109EA000400AFE013396E491E093410AFE013496A4
:109EB000E491E093420AFE013596E491E093430A6F
:109EC000FE013696E491E093440AFE013796E49150
:109ED000E093450AFE013896E491E093460AFE01BC
:109EE0003996E491E093470AFE013A96E491E093B3
:109EF000480AFE013B96E491E093490AFE013C9634
:109F0000E491E0934A0AFE013D96E491E0934B0A06
:109F1000FE013E96E491E0934C0AFE013F96E491E7
:109F2000E0934D0AFE017096E491E0934E0A61E1E0
:109F3000CE010E94294F9093500A80934F0A63E10B
:109F4000CE010E94294F9093520A8093510A65E1F5
:109F5000CE010E94294F9093540A8093530A809116
:109F60002B0A90912C0A892BD1F080914B0A809377
:109F7000570A40914C0A4093580A9091560A9923E7
:109F800071F0913079F490914D0A891714F49093FF
:109F9000570A80914E0A841714F48093580ADF916F
:109FA000CF9108953091480A20914A0A082E000C5A
:109FB000990B622F022E000C770B630F711D37FD7A
:109FC0007A95861797071CF4320F3093570A241797
:109FD00034F72093580AE3CFEF92FF920F931F9329
:109FE000CF93DF93FC01E65AFF4F20813181295E38
:109FF0003F4F6F3F710509F048F561367105D8F0A4
:10A0000080589F4FFC0180819181280F391FC90121
:10A010000196FC014491442309F447C0F90144919D
:10A020004617170671F40196DF91CF911F910F919A
:10A03000FF90EF9008956134710548F382589F4F67
:10A04000E1CFFC018491280F311DE1CF8B01FC0190
:10A05000EE57FF4FC081D181C20FD31F7E0160E058
:10A06000C7010E94294FC80FD91F62E0C7010E9493
:10A07000294FF4E0EF0EF11C8017910780F3FE01E9
:10A08000849190E0982F88273196E4918E2B009749
:10A0900061F00817190719F4CE010396C5CFFE0128
:10A0A0003296E491CE0FD11DEACF90E080E0BCCF94
:10A0B000CF92DF92FF920F931F93CF93DF93109273
:10A0C000370A1092E9096C0180ECF82E10E000E0EC
:10A0D000D0E0C0E0F60161916F01E091D309F09109
:10A0E000D40981ED99E019958F3F980789F18E3F4A
:10A0F0002FEF920779F3BC0181ED99E00E94EC4FBC
:10A10000009721F1BC0181ED99E00E94F24E60912F
:10A11000440A8FE29AE00E941B4F8093590A609193
:10A12000450A8FE29AE00E941B4F6091460A8FE237
:10A130009AE00E941B4F082F880F110B80ECF81239
:10A1400002C0F090590AC00FD11FC4CF80E0F3CFF6
:10A150002091370A222399F08091590A022E000C8F
:10A16000330B280F311D87FD3A95C20FD31FC01B3B
:10A17000D10B1F1424F4CF0DD11DF7FCDA95CE01BD
:10A18000DF91CF911F910F91FF90DF90CF900895B5
:10A190008F929F92AF92BF92CF92DF92EF92FF92F7
:10A1A0000F931F93CF93DF93EC017B018A01690129
:10A1B000FC01E459FF4F8081813009F46FC008F43D
:10A1C00062C0823009F475C0833009F47DC0FE019D
:10A1D000E05AFF4FF182E082329611830083B6018C
:10A1E000CE010E94EC4F009709F4FFC07E012EE5DE
:10A1F000E20EF11CBC01CE010E94F24EFE01E959B3
:10A20000FF4FB0803C966081C7010E941B4F882E93
:10A21000FE01EC58FF4F6081C7010E941B4F082FC1
:10A22000FE01EB58FF4F6081C7010E941B4FA82E13
:10A23000F701908419140CF090C016850B0D019550
:10A24000212F402F682D828193810E94354E6C0111
:10A25000F70193838283212F402F682D848195817C
:10A260000E944E4EAC01F70195838483113009F4AE
:10A2700084C0A8F1123009F491C0133009F4A4C0CD
:10A280008C01960136C0FE01E45AFF4F0190F08127
:10A29000E02DCE011995080F191F99CFFE01E45A40
:10A2A000FF4F0190F081E02DCE011995E81AF90ACF
:10A2B0008ECFFE01E45AFF4F0190F081E02DCE01D8
:10A2C0001995081B190B83CFFE01E45AFF4F01902B
:10A2D000F081E02DCE011995E80EF91E78CF960198
:10A2E000290D311D97FC3A958C010B0D111DB7FC02
:10A2F0001A95B601CE010E94C947882371F1F70172
:10A30000168217828E0101591F4F6E01F0E7CF0EA2
:10A31000D11CF8016081C7010E94C74E882EF6014A
:10A320006081C7010E94C74E982E40E0682DCE0183
:10A330000E94674E41E0692DCE010E94674E61E0A8
:10A34000C7010E94C74E8111F0CFF70187818B159D
:10A3500004F3C657DF4F848588838A2DAA0C990B96
:10A36000DF91CF911F910F91FF90EF90DF90CF90F1
:10A37000BF90AF909F908F90089581E090E08B19EF
:10A380009109B7FC939596012F5F3F4F8A01090D04
:10A39000111D97FC1A95C80ED91EABCF81E090E035
:10A3A000BC016919710997FC739596012F5F3F4FA6
:10A3B0008B199109B7FC93958A010F5F1F4F480FC6
:10A3C000591FC60ED71E95CF96012B0D311DB7FC18
:10A3D0003A9581E090E08919910997FC93958A015B
:10A3E0000F5F1F4F480F591F84CF90E080E0B8CF18
:10A3F000CF92DF92EF92FF920F931F93CF93DF9351
:10A40000EC018B011092E9097A01D12CC12CF701E2
:10A4100061917F01E091D309F091D40981ED99E038
:10A4200019958F3F980719F18E3F2FEF920779F317
:10A430009C01A801BE0181ED99E00E94C8502091C5
:10A440003D0A213059F038F0223059F0233061F0C4
:10A45000C80ED91EDCCFC80FD91FFACF080F191F9D
:10A46000F7CFC81BD90BF4CF081B190BF1CFC601CE
:10A47000DF91CF911F910F91FF90EF90DF90CF90E0
:10A48000089527E13CE33093D4092093D3090C9439
:10A49000F851CF93DF93EC016BAFEEA9FFA90190C8
:10A4A000F081E02D1995EEA9FFA90280F381E02D3E
:10A4B000CE01DF91CF911994AF92BF92CF92DF92EC
:10A4C000EF92FF920F931F93CF93DF9300D01F92D1
:10A4D0001F92CDB7DEB78C01DC01DA96AC90DA972B
:10A4E000DB96EC90DB97ED91FC91B188FE2CD12CA2
:10A4F000C12CD801ED91FC9111978089D8962D91AE
:10A500003C911C82FD828B83B8E08B9FC00111249B
:10A510008C9DA0018D9D500D9C9D500D1124240FEC
:10A52000351F3A832983D8011496ED91FC919E0141
:10A530002F5F3F4F41E06FE0C8011995F3948F2DD5
:10A540008E198A1528F4BFEFCB1ADB0AFB1488F2A8
:10A550000F900F900F900F900F90DF91CF911F9160
:10A560000F91FF90EF90DF90CF90BF90AF90089544
:10A57000CF92DF92EF92FF920F931F93CF93DF93CF
:10A580006C01EB017B01E40EF51E10E000E0CE153E
:10A59000DF0561F06991D601ED91FC910190F081A8
:10A5A000E02DC6011995080F191FF1CFC801DF91E1
:10A5B000CF911F910F91FF90EF90DF90CF90089572
:10A5C000CF92DF92EF92FF920F931F93CF93DF937F
:10A5D000EC016C0124E0C20ED11CFC01E057FF4FDE
:10A5E0000190F081E02DC60119958E3FEFEF9E0797
:10A5F000D8F48E010C561F4FF801408151817E0125
:10A60000F2E9EF0EF11CF701608171819C01C60136
:10A610000E94C850C059DF4F28812130C1F078F026
:10A620002230B9F02330E9F081E090E0DF91CF9162
:10A630001F910F91FF90EF90DF90CF900895F70159
:10A6400020813181820F931F91838083EDCFF801A8
:10A65000F7CFF70120813181281B390B318320830B
:10A66000E3CFF801F7CF089590E080E008958F924E
:10A670009F92AF92BF92CF92DF92EF92FF920F9391
:10A680001F93CF93DF93CDB7DEB768970FB6F894DB
:10A69000DEBF0FBECDBFE090670AF090680A188E4B
:10A6A0008E8B1F8AE114F10409F4A1C0D70114961E
:10A6B0008D919C911597892B09F485C08C9191E01F
:10A6C00090937208809394081092730810929508E2
:10A6D00020E041E050E0BE016A5E7F4FC7010E946A
:10A6E0006843882309F46FC0BB24B394AA24AA94B6
:10A6F00089E4C82E88E0D82E95EE992E25EC822E7E
:10A7000081E0F70124813581232B09F480E0282F93
:10A7100030E0909171089111FCCF082FD7019C91E6
:10A72000B092710880937008A0926F08D0926E0862
:10A73000C0926D0810926C084FEF480F40936B0861
:10A74000B0926A0840916A08990F942B90936A0816
:10A7500090916908913089F51092690890916A0882
:10A760009093BB009091BC0093FDF8CF8092BC0009
:10A77000909171089130E1F390916C08981710F462
:10A7800000916C08109248080093470810E00217E7
:10A790001307C9F490E080E08017910788F4F7016F
:10A7A00081819281DC01ED91FC910284F385E02DA1
:10A7B0001995888F81E090E0EFCF9092BC00D8CFC0
:10A7C000012B09F49DCF888D68960FB6F894DEBFF3
:10A7D0000FBECDBFDF91CF911F910F91FF90EF90F2
:10A7E000DF90CF90BF90AF909F908F900895AD81F4
:10A7F000BE81109741F318968C911897882319F30E
:10A800001496ED91FC9115973097E9F201E010E074
:10A810009E01285E3F4F41E0BE016A5E7F4F199660
:10A820008D919C911995CFCFFB0101900020E9F704
:10A830003197AF01461B570BDC01ED91FC91028073
:10A84000F381E02D19948F929F92AF92BF920F9354
:10A850001F93CF93DF93CDB7DEB7A1970FB6F894D0
:10A86000DEBF0FBECDBF19A2423008F44AE08E0110
:10A870000F5D1F4F842E912CB12CA12CA5019401AA
:10A880000E941560E62FB901CA01EA3004F5E05DC7
:10A89000D801EE938D01232B242B252B79F790E003
:10A8A00080E0109729F0BD018EE998E00E941454D1
:10A8B000A1960FB6F894DEBF0FBECDBFDF91CF914A
:10A8C0001F910F91BF90AF909F908F900895E95C7A
:10A8D000DFCFCF92DF92EF92FF92CF93DF936B01A6
:10A8E0007C016DE28EE998E00E94BF3DEC01662795
:10A8F0007727CB016C197D098E099F094AE00E94D8
:10A9000023548C0F9D1FDF91CF91FF90EF90DF902C
:10A91000CF900895CF93DF93BC01990F880B990BCB
:10A9200097FF0EC00E946954EC0164EB72E08EE95F
:10A9300098E00E9414548C0F9D1FDF91CF910895D1
:10A940004AE00E942354F0CFCF93DF93BC018EE9FD
:10A9500098E00E941454EC0164EB72E08EE998E0F8
:10A960000E9414548C0F9D1FDF91CF910895CF93B7
:10A97000DF93E7ECF9E044815581608171818EE9D4
:10A9800098E00E94293DEC0164EB72E08EE998E0CA
:10A990000E9414548C0F9D1FDF91CF9108950C9449
:10A9A00014548FED94E70E94354F8DE590E090931D
:10A9B000600A80935F0A1092620A1092610A67EB44
:10A9C00072E08DEC99E00E94CF5426E030E04AE13D
:10A9D00050E070E060E083E690E00E94844D25E066
:10A9E00030E047E150E061E070E084E690E00E94F2
:10A9F0001E4B22E030E043E050E062E070E08CE08B
:10AA000090E00C941E4BCF93DF93EC018F3F9105A8
:10AA100019F014F0CFEFD0E0D7FF02C0D0E0C0E0D3
:10AA2000BE018BE00E94853F69EB72E08EE998E001
:10AA30000E94CF54CE01DF91CF910C948A54CF93D2
:10AA4000DF93EC018F3F910519F014F0CFEFD0E0C8
:10AA5000D7FF02C0D0E0C0E0BE018CE00E94853F7D
:10AA6000BE018DE00E94853F69EB72E08EE998E0BF
:10AA70000E94CF54CE01DF91CF910C948A540C9454
:10AA8000EF60FC0180819181009711F00C94EF60E0
:10AA900008950F931F93CF93DF93EC0188819981E1
:10AAA000009759F02A813B812617370730F081E063
:10AAB000DF91CF911F910F9108958B016F5F7F4FB1
:10AAC0000E947861009759F0998388831B830A83D9
:10AAD0002C813D81232B59F7FC011082E8CF80E0C7
:10AAE000E7CFEF92FF920F931F93CF93DF93EC0189
:10AAF0007B01198218821B821A821D821C82FB0133
:10AB000001900020E9F731978F01061B170BB80160
:10AB10000E94495528813981811113C021153105C1
:10AB200019F0C9010E94EF60198218821D821C82EF
:10AB30001B821A82DF91CF911F910F91FF90EF90AE
:10AB400008951D830C83B701C901DF91CF911F9137
:10AB50000F91FF90EF900C946962EF92FF920F9328
:10AB60001F93CF93DF936115710541F480E0DF916E
:10AB7000CF911F910F91FF90EF900895FB010190ED
:10AB80000020E9F73197E61BF70BE1F07B018C0120
:10AB9000DC011496CD91DC91CE0FDF1FBE010E9427
:10ABA0004955882319F3F8012081318184819581E9
:10ABB000B701820F931F0E946962D8011596DC933A
:10ABC000CE93149781E0D3CFDF92EF92FF920F9351
:10ABD0001F93CF93DF93CDB7DEB7CE55D1090FB614
:10ABE000F894DEBF0FBECDBF6BED72E0CE018D5A83
:10ABF0009F4F0E94715569960EAD1FAD6997011563
:10AC0000110509F05FC0198266EB72E0CE01875A28
:10AC10009F4F0E94715530E2FE01319601E08CE0B9
:10AC2000D82E7F018FEFE81AF80A1081112309F45A
:10AC3000C2C080ED810F8A30A0F0812F17FF63C062
:10AC40007F01A2E0EA0EF11C9181905E80E2810F0B
:10AC50009F3C09F04DC08A3D19F01FEC8A3F09F472
:10AC600010E9F7018081982F87FF62C02181205E63
:10AC700090E2980F2F3C09F050C09A3D19F08FECEC
:10AC80009A3F09F480E992E1E1E1F2E0DE01AF5B95
:10AC9000BF4F01900D929A95E1F7FE01EF5BFF4FD8
:10ACA000AF014E5E5F4F9191391709F412C14E17F3
:10ACB0005F07C9F70E94933C882309F443C082E0F0
:10ACC00090E042C00F33110510F00FE310E06596DD
:10ACD0006EAD7FAD6597A801CE0101960E947062AE
:10ACE000E1E0F0E0EC0FFD1FE00FF11F10828CCFD0
:10ACF000192F963A41F48A3D21F014EE8A3F09F06B
:10AD0000B0CF1DE8AECF1C3A09F0ABCF883F19F0A9
:10AD1000803209F0A6CF1CE2A4CF822F263A41F45C
:10AD20009A3D21F084EE9A3F09F0ADCF8DE8ABCF8C
:10AD30008C3A09F0A8CF983F19F0903209F0A3CFD0
:10AD40008CE2A1CF83E090E020EE31E050E040E0E3
:10AD5000612F70E0F901A591B491A617B70749F0EA
:10AD60004F5F5F4F245F3F4F4E33510599F74FEFD1
:10AD70005FEFD49EF001D59EF00D11248230910535
:10AD8000A1F083309105A1F0019761F0EC51FE4FE5
:10AD900065917491CE01875A9F4F0E94AD55312F16
:10ADA000F7013FCFEA51FE4FF3CFE651FE4FF0CF10
:10ADB000E851FE4FEDCF6B966EAD7FAD6B97DB012B
:10ADC0000D900020E9F7FD013197CB018E179F0709
:10ADD000B8F5DC012D91CD013291AD014150510901
:10ADE000DA013C932083F2CFDA01BA01AB014F5F65
:10ADF0005F4FFB018081882339F187FFF5CF282F32
:10AE0000082E000C330B207C3327203C310569F7DA
:10AE10009A012A1B3B0B2230310534F324303105D3
:10AE20008CF02430310501F7FD0191918C93DB0109
:10AE30009C93DF018C91FB0192919C938083D4CFF2
:10AE4000DB01D4CFBA01F6CF8AE99DE00E94354FED
:10AE50006B964EAD5FAD6B9786E297E49093D40905
:10AE60008093D30967E070E084E190E00E94F8519C
:10AE70008CEC9FE30E94354F43EF52E06EE170E0AF
:10AE80008FE090E00E9441528FED94E70E94354F91
:10AE900040E053E06FE370E090E080E00E944152B8
:10AEA000CE01875A9F4F0E944155CE018D5A9F4F28
:10AEB0000E944155C25ADF4F0FB6F894DEBF0FBE55
:10AEC000CDBFDF91CF911F910F91FF90EF90DF9059
:10AED00008950E94933C802790E036CFFC01A0812A
:10AEE000B18150962C9182AD38E0839FC00111242E
:10AEF000289FA001299F500D112470E060E080ADD3
:10AF000091AD0C9462621F93CF93DF93EC010E948A
:10AF10005C521BAD8AAD180FE881F9818189181741
:10AF200068F0EC81FD8130E020E040E060E1CE019E
:10AF3000199580E0DF91CF911F910895FE01E557AB
:10AF4000FF4F8081882319F0CE010E946E57612F38
:10AF5000CE010E94495281E0EDCFCF93DF93EC0107
:10AF6000FC01E557FF4F8081882319F0CE010E9434
:10AF70006E5760E0CE01DF91CF910C9449521F9241
:10AF80000F920FB60F9211240BB60F922F933F938F
:10AF90004F935F936F937F938F939F93AF93BF93E1
:10AFA000EF93FF938EE998E00E949D3DFF91EF9112
:10AFB000BF91AF919F918F917F916F915F914F91D1
:10AFC0003F912F910F900BBE0F900FBE0F901F90CF
:10AFD00018951F920F920FB60F9211240BB60F9275
:10AFE0002F938F939F93EF93FF93E091AE08F0918F
:10AFF000AF088081E091B408F091B50882FD1DC0D2
:10B0000090818091B7088F5F8F732091B808821765
:10B0100041F0E091B708F0E0E256F74F958F80934A
:10B02000B708FF91EF919F918F912F910F900BBED9
:10B030000F900FBE0F901F9018958081F2CF1F9236
:10B040000F920FB60F9211242F933F938F939F93DC
:10B05000AF93BF938091960890919708A09198081C
:10B06000B09199083091F50723E0230F2D3768F14F
:10B0700026E8230F0296A11DB11D2093F5078093AA
:10B08000960890939708A0939808B0939908809198
:10B09000F6079091F707A091F807B091F90701968C
:10B0A000A11DB11D8093F6079093F707A093F807B1
:10B0B000B093F907BF91AF919F918F913F912F91DD
:10B0C0000F900FBE0F901F9018950196A11DB11DF6
:10B0D000D4CF1F920F920FB60F9211240BB60F927E
:10B0E0002F933F934F935F936F937F938F939F9390
:10B0F000AF93BF93EF93FF938091B900887F803621
:10B1000009F44DC008F040C0883209F4A9C028F500
:10B11000803109F49DC0C8F4882309F407C1883040
:10B1200009F496C0FF91EF91BF91AF919F918F91DC
:10B130007F916F915F914F913F912F910F900BBE37
:10B140000F900FBE0F901F901895883109F488C09A
:10B15000803241F780936F0814C0803409F4A5C091
:10B1600040F48033B9F38833E9F680936F0885ECB7
:10B17000BCC0803509F489C0883509F49EC0883484
:10B1800089F60E946941CECF883909F494C038F518
:10B19000883729F050F4883611F0803719F683E0AB
:10B1A000809371081092F40757C0883809F483C05F
:10B1B000803919F0803809F0B5CF8091F4078032DA
:10B1C00008F079C0E091F40781E08E0F8093F407D6
:10B1D0008091BB00F0E0EC52F84F80833DC0803B93
:10B1E00039F0E0F4803A09F485C0883A09F09ACF42
:10B1F00084E0809371081092D3071092D207E091F7
:10B200004508F091460819958091D20781110FC029
:10B2100081E08093D2071092B20709C0803C09F404
:10B22000A6CF883C09F4A3CF883B09F07BCFE091FF
:10B23000D30781E08E0F8093D307F0E0EE54F84FF0
:10B2400080818093BB009091D3078091D20731C059
:10B2500080916A088093BB0085EC8093BC0062CF2C
:10B2600090916C0880916B089817B8F580916D08E3
:10B2700090916E08E0916C0821E02E0F20936C08ED
:10B28000E80FF92FF11D8081E5CF20916D083091F5
:10B290006E08E0916C0881E08E0F80936C088091BD
:10B2A000BB00E20FF32FF11D808390916C08809119
:10B2B0006B08981788F285E8D0CF20916D083091FF
:10B2C0006E08E0916C0881E08E0F80936C0880918D
:10B2D000BB00E20FF32FF11D808380917008811174
:10B2E00050CF81E08093690884EA8093BC0010927B
:10B2F000710818CF85EC8093BC0010927108809182
:10B30000F407803230F4E091F407F0E0EC52F84FAB
:10B3100010826091F40770E0E0914308F0914408D6
:10B3200084ED97E019951092F407FCCE10926F0807
:10B3300028CF1F920F920FB60F9211240BB60F92C7
:10B340002F934F935F938F939F93EF93FF932EB51C
:10B350008091FA079091FB07CF9770F42A3011F093
:10B360002D30C1F4E091FA07F091FB07E450F84F5B
:10B37000108281E080933C08FF91EF919F918F9123
:10B380005F914F912F910F900BBE0F900FBE0F90BA
:10B390001F9018958091FA079091FB07AC014F5FC1
:10B3A0005F4F5093FB074093FA078450984FFC017E
:10B3B0002083E2CFCF931092A1081092A00888EECC
:10B3C00093E0A0E0B0E08093A2089093A308A0933C
:10B3D000A408B093A5082AE732E030939F08209391
:10B3E0009E0825EC30E03093AB082093AA0824ECAB
:10B3F00030E03093AD082093AC0820EC30E030937F
:10B40000AF082093AE0821EC30E03093B1082093D0
:10B41000B00822EC30E03093B3082093B20826EC59
:10B4200030E03093B5082093B4081092B70810921A
:10B43000B8081092B9081092BA0810923E091092FA
:10B440003D0980933F0990934009A0934109B0932F
:10B4500042098CE892E090933C0980933B098AEA88
:10B4600092E090936A0A8093690A1092680A109297
:10B47000670A88E08093630A8DE08093640A89E01C
:10B480008093650ACFEFC093660A61E088E00E946E
:10B49000493F61E08091640A0E94493F61E08091E8
:10B4A000650A0E94493F61E08091650A0E94D33E8F
:10B4B0001092D0091092CF0987E19CE390935E0A25
:10B4C00080935D0A1092600A10925F0A1092620ADD
:10B4D0001092610A1092E9098EE992E09093CE09E8
:10B4E0008093CD091092D2091092D1091092E609E9
:10B4F0001092DD091092DE091092DF091092E00926
:10B50000C093E709C093EB09EFEEF9E085E09AE01C
:10B51000C1938E179F07E1F780EC94E49093D609CE
:10B520008093D5098EEE96E49093D8098093D7093D
:10B530008AEF95E49093DA098093D90983E091E446
:10B540009093DC098093DB0930E020E040E069E083
:10B5500081ED99E00E94C04410922C0A10922B0AAF
:10B5600081E29CE39093060A8093050A87E499E0C0
:10B5700090930A0A8093090A81E080930B0A109243
:10B580000C0A10923A0A10925A0A1092560A8093A4
:10B590005B0A80935C0A8EEA92E09093080A80939B
:10B5A000070A81ED99E00E9477471092240A1092D1
:10B5B000230A1092280A1092270A8FEF9FEF909388
:10B5C000260A8093250A90932A0A8093290AE091FB
:10B5D000070AF091080A0280F381E02D81ED99E0DD
:10B5E000199580E99CE390932E0A80932D0A10927E
:10B5F0003D0A8CE18093EF098DE18093F0098EE1A3
:10B600008093F1098FE18093F20980E28093F3093E
:10B6100081E28093F40982E28093F50983E28093CA
:10B62000F60984E18093F70983E08093F9098CE0BF
:10B630008093F80985E08093FD09C093FE09C093CB
:10B64000FA0966EB72E087EC99E0CF910C947155A2
:10B65000CF93DF9300D01F92CDB7DEB7789484B537
:10B66000836084BD85B5836085BD80916E008160F7
:10B6700080936E0082E080938100809181008160E0
:10B680008093810080918000816080938000809110
:10B69000B10084608093B1008091B000816080939C
:10B6A000B000809191008360809391008091900020
:10B6B0008160809390008091A10083608093A100BD
:10B6C0008091A00081608093A0008091210183601F
:10B6D000809321018091200181608093200187E87F
:10B6E00080937A001092C100E091D509F091D609BB
:10B6F00030E020E040E06AE081ED99E0199581EDCD
:10B7000099E00E94AD5781ED99E00E9483578983AB
:10B710008111F9CF60E081ED99E00E944952E091FA
:10B72000D509F091D60930E020E040E06BE081EDF2
:10B7300099E0199586E297E490935E0A80935D0AFA
:10B7400083E394E30E94354F80EA96E8A1E0B0E0FD
:10B750008093DD099093DE09A093DF09B093E0099F
:10B76000E091AE08F091AF0882E08083E091AA08F2
:10B77000F091AB081082E091AC08F091AD088FEC2D
:10B7800080831092B608E091B208F091B30886E089
:10B790008083E091B008F091B1088081886980834E
:10B7A000E091B008F091B10880818F7D8083809115
:10B7B000670A9091680A009711F00E94EF6086E096
:10B7C00090E00E94536024E3FC0120832BE339E0E6
:10B7D00032832183138220E230E0358324839093E7
:10B7E000680A8093670A0E94013F811105C081E2C7
:10B7F00093E00E94A454FFCF60E083E20E9486435E
:10B8000060E084E20E94864360E085E20E94864315
:10B810006FEF80E20E9486436FEF81E20E948643D1
:10B820006FEF82E20E94864360E086E20E948643D8
:10B8300060E087E20E94864360E088E20E948643DF
:10B840006FEF8AE10E9486436FEF8BE10E9486438F
:10B850006FEF8CE10E94864367E08DE10E94864392
:10B8600086E090E0F981FF0FF160F9830197D1F74D
:10B870006F2F8EE10E94864384E00E94375381112E
:10B88000FBCF81E10E94375382E10E94375383E16D
:10B890000E94375363E082E00E94864361E08BE0C0
:10B8A0000E94493F8CB580648CBD8CB580688CBD8E
:10B8B00084E393E00E94A45460E086E00E94493F44
:10B8C00061E087E00E94493F60E087E00E94D33E4C
:10B8D00061E080E00E94674062E084E10E94493FAD
:10B8E00062E085E10E94493F62E08FE00E94493FAB
:10B8F00062E080E10E94493F8FEF90E00E941F5577
:10B900000E94E455E0E26E2EEDE37E2EF8E0CF2EAD
:10B91000D12CA7E12A2EACE33A2E87E296E60E94CC
:10B92000354F81ED99E00E94AD578CEF97E30E946F
:10B93000354F70922E0A60922D0A81E00E94BB3C26
:10B9400086E00E94AA3E892B09F08BC061E087E067
:10B950000E94D33E8FED94E70E94354F1092600A0B
:10B9600010925F0A1092620A1092610A26E030E09B
:10B970004DE050E070E060E090E080E00E94844D97
:10B9800025E030E046E050E061E070E081E090E0EA
:10B990000E941E4B22E030E043E050E062E070E0A5
:10B9A0008CE090E00E941E4B40E850E06AE070E0BE
:10B9B00090E080E00E945F490E947A4B80E00E9404
:10B9C00075490E94D1544DE050E065E370E090E08D
:10B9D00080E00E946A494DE050E065E370E080E25B
:10B9E00090E00E946A494DE050E065E370E080E439
:10B9F00090E00E946A494DE050E065E370E080E627
:10BA000090E00E946A494DE050E065E370E08FE706
:10BA100090E00E946A4940E850E065E370E090E001
:10BA200080E00E945F498BE00E94CE4B0E94D74D80
:10BA30000E94B24C0E94464D8CEF97E30E94354F16
:10BA40004FE553E064E170E085E090E00E944152F0
:10BA500042E753E06EE170E085E090E00E944152E1
:10BA600018C060E087E00E94D33E80913E0890E0DD
:10BA700073E0959587957A95E1F78230910509F401
:10BA800004C10CF04AC0009709F4F7C0019709F40B
:10BA9000F9C083E00E9437538F7081F184E00E94E7
:10BAA000375387FF2BC020914208222321F0909129
:10BAB0004108291779F18F778150990B6AE070E07E
:10BAC0000E9401609927FC01EE0FFF1FE80FF91F8C
:10BAD000EC59FD4FE60FF71F80812093410810922B
:10BAE0004208873309F457C20CF0F7C18D3209F4CC
:10BAF0003AC20CF0CEC18B3209F41FC281ED99E03D
:10BB00000E948357811111CF6AE070E080E090E0DD
:10BB10000E94D0400E942C3E00CF8430910509F451
:10BB200054C10CF4B5C0059709F0B3CF8FED94E77D
:10BB30000E94354F1092600A10925F0A1092620ABA
:10BB40001092610A27E030E04DE050E070E060E0E4
:10BB500090E080E00E94844D26E030E046E050E036
:10BB600061E070E081E090E00E941E4B23E030E055
:10BB700044E050E062E070E08CE090E00E941E4BF8
:10BB800040E850E06AE070E090E080E00E945F49A9
:10BB90000E947A4B80E00E9475490E94D1544DE08A
:10BBA00050E065E370E090E080E00E946A494DE07B
:10BBB00050E065E370E080E290E00E946A494DE069
:10BBC00050E065E370E080E490E00E946A494DE057
:10BBD00050E065E370E080E690E00E946A494DE045
:10BBE00050E065E370E08FE790E00E946A4940E82A
:10BBF00050E065E370E090E080E00E945F4989E0FA
:10BC00000E94CE4B0E94D74D0E94B24C0E94464DDE
:10BC100083E093E60E94354F45EA53E06CE070E024
:10BC200090E080E00E94415248EB53E064E170E014
:10BC300090E080E00E94415244EC53E06CE170E0FF
:10BC400090E080E00E94415243ED53E064E270E0F6
:10BC500090E080E00E94415243ED53E06CE270E0DE
:10BC600090E080E00E9441528CEC9FE30E94354FAF
:10BC70008FED94E70E94354F0CCF8AE995E00E9442
:10BC8000904A07CF8AE999E0FACF0E94E45501CFA4
:10BC90008FED94E70E94354F1092600A10925F0A70
:10BCA0001092620A1092610A80913C088823F1F098
:10BCB00065E873E08EE998E00E94CF548CEF97E03E
:10BCC0000E94A45481ED99E00E946E578CEF97E397
:10BCD0000E94354F4CEF57E06EE170E08AE090E053
:10BCE0000E9441521092FB071092FA0726E030E0C2
:10BCF0004DE050E070E060E090E080E00E94844D14
:10BD000025E030E046E050E061E070E081E090E066
:10BD10000E941E4B22E030E043E050E062E070E021
:10BD20008CE090E00E941E4B40E850E06AE070E03A
:10BD300090E080E00E945F490E947A4B80E00E9480
:10BD400075490E94D1544DE050E065E370E090E009
:10BD500080E00E946A494DE050E065E370E080E2D7
:10BD600090E00E946A494DE050E065E370E080E4B5
:10BD700090E00E946A494DE050E065E370E080E6A3
:10BD800090E00E946A494DE050E065E370E08FE783
:10BD900090E00E946A4940E850E065E370E090E07E
:10BDA00080E00E945F498BE00E94CE4B0E94D74DFD
:10BDB0000E94B24C0E94464D8CEF97E30E94354F93
:10BDC00040E953E064E170E047CE8CEF97E30E94D6
:10BDD000354F1092560A80912B0A90912C0A892B8C
:10BDE00041F080914B0A8093570A80914C0A8093CE
:10BDF000580A70922E0A60922D0AE090170AF0906D
:10BE0000180A64E4862E62E0962E2091570A8091EB
:10BE1000580A281B822F90E09C838B83512C10E0C2
:10BE200000E0FF24F401A190B1904F013092D409B9
:10BE30002092D309C5010E9458509701281B390B45
:10BE4000F901F695E795FA83E98381E00E94BB3C0E
:10BE500080913D0858120DC02B813C81A701B8018B
:10BE60006F5F7F4F90E080E00E941E4B80E00E9459
:10BE7000BB3CA501B801F9818F2F90E00E9441528F
:10BE800053942B813C81020F131F38E05312CACF09
:10BE900000CE803309F474C0833309F02FCE6AE1F9
:10BEA00074E08EE998E00E94CF548091CB09909184
:10BEB000CC09009709F422CE0197E091C709F091CF
:10BEC000C809E80FF91F9093CC098093CB09108221
:10BED00084E394E00E94A45411CE853409F458C040
:10BEE000E4F4883309F477C0813409F007CE8091F7
:10BEF0003F08909140080196B6010E94016090931E
:10BF0000400880933F08880F991FFC01EC5AFD4FB1
:10BF1000808191810E941F55F1CD8C3451F1823581
:10BF200009F0ECCD61E081E00E94674062EE73E0D1
:10BF30008EE998E00E94CF54E1CD80913F08909126
:10BF400040080196B6010E940160909340088093DA
:10BF50003F08880F991FFC01EC5AFD4F80819181A9
:10BF60000E940355CBCD80913F08909140080197E6
:10BF7000E9CF61E080E00E94674065EF73E0D8CFD1
:10BF800080913E08885F803318F480933E08B6CDD8
:10BF900010923E08B3CD68E074E08EE998E00E940C
:10BFA000CF5460913D0870E090E080E04AE00E944C
:10BFB00023544AE068E070E080E090E00E9423545F
:10BFC00080913D088F5F80933D08883008F496CDBE
:10BFD00010923D0893CD61E174E08EE998E00E94F3
:10BFE000CF5460913D0870E090E080E04AE00E940C
:10BFF000235480913D088150E6CF87EC99E00C9462
:10C00000415597FB072E16F4009407D077FD09D011
:10C010000E943F6007FC05D03EF4909581959F4FAC
:10C020000895709561957F4F0895A1E21A2EAA1B7D
:10C03000BB1BFD010DC0AA1FBB1FEE1FFF1FA217D8
:10C04000B307E407F50720F0A21BB30BE40BF50BD5
:10C05000661F771F881F991F1A9469F7609570955E
:10C06000809590959B01AC01BD01CF010895EE0F25
:10C07000FF1F881F8BBF0790F691E02D1994AA1B14
:10C08000BB1B51E107C0AA1FBB1FA617B70710F0C3
:10C09000A61BB70B881F991F5A95A9F780959095F5
:10C0A000BC01CD0108950F931F93CF93DF9382308E
:10C0B000910510F482E090E0E0916D0AF0916E0A33
:10C0C00030E020E0B0E0A0E0309799F42115310590
:10C0D00009F44AC0281B390B24303105D8F58A8170
:10C0E0009B816115710589F1FB0193838283FE01B8
:10C0F00011C0408151810281138148175907E0F036
:10C100004817590799F4109761F012960C931297FB
:10C1100013961C933296CF01DF91CF911F910F910F
:10C12000089500936D0A10936E0AF4CF211531051E
:10C1300051F04217530738F0A901DB019A01BD0104
:10C14000DF01F801C1CFEF01F9CF90936E0A809320
:10C150006D0ACDCFFE01E20FF31F81939193225020
:10C16000310939832883D7CF20916B0A30916C0A2B
:10C17000232B41F4209103023091040230936C0A86
:10C1800020936B0A209101023091020221153105A2
:10C1900041F42DB73EB74091050250910602241B91
:10C1A000350BE0916B0AF0916C0AE217F307A0F4EB
:10C1B0002E1B3F0B2817390778F0AC014E5F5F4FFD
:10C1C0002417350748F04E0F5F1F50936C0A4093B9
:10C1D0006B0A819391939FCFF0E0E0E09CCFCF93E7
:10C1E000DF930097E9F0FC01329713821282A0914D
:10C1F0006D0AB0916E0AED0130E020E01097A1F4D5
:10C2000020813181820F931F20916B0A30916C0A3B
:10C210002817390709F061C0F0936C0AE0936B0AA4
:10C22000DF91CF910895EA01CE17DF07E8F54A8143
:10C230005B819E0141155105B1F7E901FB83EA835A
:10C2400049915991C40FD51FEC17FD0761F4808106
:10C2500091810296840F951FE901998388838281D9
:10C2600093819B838A83F0E0E0E012968D919C910C
:10C2700013970097B9F52D913C911197CD01029636
:10C28000820F931F20916B0A30916C0A281739078F
:10C2900039F6309751F510926E0A10926D0AB093EC
:10C2A0006C0AA0936B0ABCCFD383C28340815181B7
:10C2B000840F951FC817D90761F44E5F5F4F8881BF
:10C2C0009981480F591F518340838A819B819383B1
:10C2D00082832115310509F0B0CFF0936E0AE09307
:10C2E0006D0A9ECFFD01DC01C0CF13821282D7CF31
:10C2F0004F925F926F927F928F929F92AF92BF9276
:10C30000CF92DF92EF92FF920F931F93CF93DF9321
:10C310008C01009799F4CB01DF91CF911F910F9180
:10C32000FF90EF90DF90CF90BF90AF909F908F9055
:10C330007F906F905F904F900C945360FC01E60FDC
:10C34000F71F9C0122503109E217F30708F4AEC031
:10C35000D901CD91DC911197C617D70720F1C530CF
:10C36000D10578F0CE0104978617970750F0C61BC9
:10C37000D70B2297C193D1936D937C93CF010E94E9
:10C38000EF60C801DF91CF911F910F91FF90EF9067
:10C39000DF90CF90BF90AF909F908F907F906F90E5
:10C3A0005F904F9008955B01AC1ABD0A4C018C0E52
:10C3B0009D1EA0916D0AB0916E0A512C412CF12C5A
:10C3C000E12C109731F580916B0A90916C0A8815D9
:10C3D000990509F05CC04616570608F058C08091D0
:10C3E000010290910202009741F48DB79EB74091EF
:10C3F000050250910602841B950BE817F90708F017
:10C4000055C0F0936C0AE0936B0AF9017183608365
:10C41000B8CF8D919C91119712966C9012971396AC
:10C420007C901397A815B90559F56C0142E0C40E2C
:10C43000D11CCA14DB0420F1AC014A195B09DA01F2
:10C440001296159780F06282738251834083D901DE
:10C450006D937C93E114F10471F0D7011396FC9372
:10C46000EE9312978ECF22968C0F9D1FF901918328
:10C470008083F301EFCFF0936E0AE0936D0A81CFD2
:10C480004816590608F42C017D01D3019ACFCB013F
:10C490000E9453607C01009749F0AE01B8010E94F0
:10C4A0005962C8010E94EF6087016BCF10E000E085
:10C4B00068CFFB01DC0102C001900D924150504059
:10C4C000D8F70895DC0101C06D9341505040E0F76A
:10C4D0000895FB01DC0101900D920020E1F7089521
:10C4E000FB01DC014150504048F001900D920020CA
:10C4F000C9F701C01D9241505040E0F708951BE379
:10C50000C3EEDBE300E006C0802FFE010E9437602F
:10C510002196011DC43ED10780E00807A9F7F894D1
:02C52000FFCF4B
:10C522000100006F0A80002000BF28292E212C3A2A
:10C53200F82000C7C2CFD0D1D2B8A8BF28292E2157
:10C542002C3AF8153EFF153FFF15C0FF0001641499
:10C5520005060C4B00093D000004C8FA1008000053
:10C56200800040001B072907380746075007590774
:10C5720067076E070000190032004B007D0096002D
:10C58200AF00FF0031343732353833363943304C5F
:10C592004541422B2D5200000000BF3D293D563D32
:10C5A2000C3E873D653D793D00000000F141C441EC
:10C5B20034539A41BD41AA419B4100000000E05220
:10C5C200B852345333530000000009443F557747B3
:10C5D200024867470D0A00520053657474696E671A
:10C5E200206272696768746E65737320746F20507D
:10C5F200574D2076616C75653A2000D8ACD8A7D823
:10C60200B1D98A20D8A7D984D8AAD987D98AD8A655
:10C61200D98700494E495449414C495A494E47002D
:10C6220020202020202020202020202D2D2D574189
:10C6320049542D2D2D202020202020202020202074
:10C642000054434138343138206E6F7420666F7560
:10C652006E64210053504920536C61766520496E07
:10C66200697469616C697A65642E205761697469BD
:10C672006E6720666F7220444531302E2E2E005296
:10C682004144494F20434F5245204552524F522177
:10C6920020004552524F5220434F44453A203030F9
:10C6A200303120200052656365697665643A200066
:10C6B200524144494F20434F5245204D4553534127
:10C6C20047453A200046464E4554312020505420DA
:10C6D2002020202020464600504F5745523A2048FD
:10C6E2004947480052583A203033302E30303030EB
:10C6F20030300054583A203033302E303030303021
:10C702003000436F6E747261737420696E63726578
:10C712006173650A00436F6E74726173742064659D
:10C722006372656173650A000A505245535320379C
:10C73200000A50524553532038000A505245535371
:10C7420020333A204C49474854204D454E55202825
:10C752004C542900E28690204261636B73706163DE
:10C762006500D8A100EFBA8000D8A200EFBA81001C
:10C77200EFBA8200D8A300EFBA8300EFBA8400D8E0
:10C78200A400EFBA8500EFBA8600D8A500EFBA87F9
:10C7920000EFBA8800D8A600EFBA8900EFBA8B0082
:10C7A200EFBA8C00EFBA8A00D8A700EFBA8D00EF7B
:10C7B200BA8E00D8A800EFBA8F00EFBA9100EFBA94
:10C7C2009200EFBA9000D8A900EFBA9300EFBA94A2
:10C7D20000D8AA00EFBA9500EFBA9700EFBA980016
:10C7E200EFBA9600D8AB00EFBA9900EFBA9B00EF10
:10C7F200BA9C00EFBA9A00D8AC00EFBA9D00EFBA2B
:10C802009F00EFBAA000EFBA9E00D8AD00EFBAA128
:10C8120000EFBAA300EFBAA400EFBAA200D8AE00AC
:10C82200EFBAA500EFBAA700EFBAA800EFBAA600C8
:10C83200D8AF00EFBAA900EFBAAA00D8B000EFBA99
:10C84200AB00EFBAAC00D8B100EFBAAD00EFBAAEB0
:10C8520000D8B200EFBAAF00EFBAB000DA9800EF3A
:10C86200AE8A00EFAE8B00D8B300EFBAB100EFBAD8
:10C87200B300EFBAB400EFBAB200D8B400EFBAB561
:10C8820000EFBAB700EFBAB800EFBAB600D8B500F9
:10C89200EFBAB900EFBABB00EFBABC00EFBABA0008
:10C8A200D8B600EFBABD00EFBABF00EFBB8000EF11
:10C8B200BABE00D8B700EFBB8100EFBB8300EFBB6D
:10C8C2008400EFBB8200D8B800EFBB8500EFBB87C6
:10C8D20000EFBB8800EFBB8600D8B900EFBB890030
:10C8E200EFBB8B00EFBB8C00EFBB8A00D8BA00EF26
:10C8F200BB8D00EFBB8F00EFBB9000EFBB8E00D96A
:10C902008000D98100EFBB9100EFBB9300EFBB9495
:10C9120000EFBB9200D98200EFBB9500EFBB9700FE
:10C92200EFBB9800EFBB9600D98300EFBB9900EFF5
:10C93200BB9B00EFBB9C00EFBB9A00D98400EFBB0E
:10C942009D00EFBB9F00EFBBA000EFBB9E00D9850F
:10C9520000EFBBA100EFBBA300EFBBA400EFBBA2A3
:10C9620000D98600EFBBA500EFBBA700EFBBA80074
:10C97200EFBBA600EFBBA900EFBBAB00EFBBAC0067
:10C98200EFBBAA00D98800EFBBAD00EFBBAE00D968
:10C992008900EFBBAF00EFBBB000D98A00EFBBB19B
:10C9A20000EFBBB300EFBBB400EFBBB200DB8C0007
:10C9B200EFAFBC00EFAFBE00EFAFBF00EFAFBD0007
:10C9C200DA8600EFADBA00EFADBC00EFADBD00EF0F
:10C9D200ADBB00D9BE00EFAD9600EFAD9800EFAD54
:10C9E2009900EFAD9700DAAF00EFAE9200EFAE9490
:10C9F20000EFAE9500EFAE9300DAA900EFAE8E0025
:10CA0200EFAE9000EFAE9100EFAE8F00D88C00E257
:10CA1200808C003A00D89B00D89F00DBB000DBB1CD
:10CA220000DBB200DBB300DBB400DBB500DBB60039
:10CA3200DBB700DBB800DBB90028002A2A4D4149E8
:10CA42004E204D454E552A2A0041555448454E54D4
:10CA520049434154494F4E004255494C5420494E96
:10CA6200205445535400495020434F4E46494700F5
:10CA720056455253494F4E530054494D4520414E5D
:10CA820044204441544500544553542031005445F8
:06CA9200535420320000A5
:00000001FF
